split,column,norm
test_cold,cf-bpr,0.0
test_cold,cf-bpr,0.0398915633559227
test_cold,cf-bpr,0.0
test_cold,cf-bpr,0.0
test_cold,cf-bpr,0.0
test_cold,cf-bpr,0.027200758457183838
test_cold,cf-bpr,0.0
test_cold,cf-bpr,0.0
test_cold,cf-bpr,0.0
test_cold,cf-bpr,0.0
test_cold,cf-bpr,0.0
test_cold,cf-bpr,0.0477830246090889
test_cold,cf-bpr,0.0
test_cold,cf-bpr,0.0
test_cold,cf-bpr,0.0
test_cold,cf-bpr,0.030611664056777954
test_cold,cf-bpr,0.0
test_cold,cf-bpr,0.0
test_cold,cf-bpr,0.0
test_cold,cf-bpr,0.04377206042408943
test_cold,cf-bpr,0.0
test_cold,cf-bpr,0.0
test_cold,cf-bpr,0.0
test_cold,cf-bpr,0.0
test_cold,cf-bpr,0.0
test_cold,cf-bpr,0.0
test_cold,cf-bpr,0.0
test_cold,cf-bpr,0.0
test_cold,cf-bpr,0.0
test_cold,cf-bpr,0.0
test_cold,cf-bpr,0.0
test_cold,cf-bpr,0.037352535873651505
test_cold,cf-bpr,0.0
test_cold,cf-bpr,0.0
test_cold,cf-bpr,0.0
test_cold,cf-bpr,0.0
test_cold,cf-bpr,0.0
test_cold,cf-bpr,0.0
test_cold,cf-bpr,0.0
test_cold,cf-bpr,0.0
test_cold,cf-bpr,0.0
test_cold,cf-bpr,0.09262226521968842
test_cold,cf-bpr,0.07098840922117233
test_cold,cf-bpr,0.0
test_cold,cf-bpr,0.0
test_cold,cf-bpr,0.0
test_cold,cf-bpr,0.0
test_cold,cf-bpr,0.0
test_cold,cf-bpr,0.03378692641854286
test_cold,cf-bpr,0.0
test_cold,cf-bpr,0.0
test_cold,cf-bpr,0.0
test_cold,cf-bpr,0.043203119188547134
test_cold,cf-bpr,0.0
test_cold,cf-bpr,0.0
test_cold,cf-bpr,0.0
test_cold,cf-bpr,0.0
test_cold,cf-bpr,0.0
test_cold,cf-bpr,0.09158133715391159
test_cold,cf-bpr,0.0
test_cold,cf-bpr,0.13184088468551636
test_cold,cf-bpr,0.02646547183394432
test_cold,cf-bpr,0.0
test_cold,cf-bpr,0.0
test_cold,cf-bpr,0.0
test_cold,cf-bpr,0.0
test_cold,cf-bpr,0.04104658216238022
test_cold,cf-bpr,0.0
test_cold,cf-bpr,0.03648999333381653
test_cold,cf-bpr,0.0
test_cold,cf-bpr,0.0
test_cold,cf-bpr,0.0
test_cold,cf-bpr,0.030148983001708984
test_cold,cf-bpr,0.0
test_cold,cf-bpr,0.0
test_cold,cf-bpr,0.0
test_cold,cf-bpr,0.04425692558288574
test_cold,cf-bpr,0.0
test_cold,cf-bpr,0.0
test_cold,cf-bpr,0.0
test_cold,cf-bpr,0.0
test_cold,cf-bpr,0.0
test_cold,cf-bpr,0.0
test_cold,cf-bpr,0.0
test_cold,cf-bpr,0.0
test_cold,cf-bpr,0.0
test_cold,cf-bpr,0.0
test_cold,cf-bpr,0.0
test_cold,cf-bpr,0.0
test_cold,cf-bpr,0.042570412158966064
test_cold,cf-bpr,0.0
test_cold,cf-bpr,0.0
test_cold,cf-bpr,0.0
test_cold,cf-bpr,0.0
test_cold,cf-bpr,0.0
test_cold,cf-bpr,0.0
test_cold,cf-bpr,0.0
test_cold,cf-bpr,0.0
test_cold,cf-bpr,0.04143577441573143
test_cold,cf-bpr,0.0
test_cold,cf-bpr,0.0
test_cold,cf-bpr,0.043249551206827164
test_cold,cf-bpr,0.029922613874077797
test_cold,cf-bpr,0.0
test_cold,cf-bpr,0.0
test_cold,cf-bpr,0.0
test_cold,cf-bpr,0.0
test_cold,cf-bpr,0.0
test_cold,cf-bpr,0.031074943020939827
test_cold,cf-bpr,0.0
test_cold,cf-bpr,0.0
test_cold,cf-bpr,0.0
test_cold,cf-bpr,0.0
test_cold,cf-bpr,0.0
test_cold,cf-bpr,0.0
test_cold,cf-bpr,0.0
test_cold,cf-bpr,0.0
test_cold,cf-bpr,0.0
test_cold,cf-bpr,0.0
test_cold,cf-bpr,0.0
test_cold,cf-bpr,0.0
test_cold,cf-bpr,0.0
test_cold,cf-bpr,0.0
test_cold,cf-bpr,0.0
test_cold,cf-bpr,0.08966074138879776
test_cold,cf-bpr,0.03233011066913605
test_cold,cf-bpr,0.0
test_cold,cf-bpr,0.02965681627392769
test_cold,cf-bpr,0.0
test_warm,cf-bpr,0.06317126005887985
test_warm,cf-bpr,0.07641936093568802
test_warm,cf-bpr,0.07733796536922455
test_warm,cf-bpr,0.05729808658361435
test_warm,cf-bpr,0.06655791401863098
test_warm,cf-bpr,0.055178314447402954
test_warm,cf-bpr,0.04992859065532684
test_warm,cf-bpr,0.05824592337012291
test_warm,cf-bpr,0.06293319910764694
test_warm,cf-bpr,0.046910613775253296
test_warm,cf-bpr,0.05604282021522522
test_warm,cf-bpr,0.04211648181080818
test_warm,cf-bpr,0.08268970996141434
test_warm,cf-bpr,0.041397348046302795
test_warm,cf-bpr,0.04015037417411804
test_warm,cf-bpr,0.06899362802505493
test_warm,cf-bpr,0.07575678825378418
test_warm,cf-bpr,0.07794101536273956
test_warm,cf-bpr,0.05697546899318695
test_warm,cf-bpr,0.06832094490528107
test_warm,cf-bpr,0.049818556755781174
test_warm,cf-bpr,0.06987165659666061
test_warm,cf-bpr,0.04593281447887421
test_warm,cf-bpr,0.05826745182275772
test_warm,cf-bpr,0.06567346304655075
test_warm,cf-bpr,0.054451026022434235
test_warm,cf-bpr,0.07034116238355637
test_warm,cf-bpr,0.03601643443107605
test_warm,cf-bpr,0.07989771664142609
test_warm,cf-bpr,0.18381500244140625
test_warm,cf-bpr,0.08537786453962326
test_warm,cf-bpr,0.10732516646385193
test_warm,cf-bpr,0.08425465226173401
test_warm,cf-bpr,0.04952015355229378
test_warm,cf-bpr,0.07099101692438126
test_warm,cf-bpr,0.03819996491074562
test_warm,cf-bpr,0.13647589087486267
test_warm,cf-bpr,0.05450199916958809
test_warm,cf-bpr,0.04614010080695152
test_warm,cf-bpr,0.07855097949504852
test_warm,cf-bpr,0.05497860535979271
test_warm,cf-bpr,0.06795405596494675
test_warm,cf-bpr,0.06041465327143669
test_warm,cf-bpr,0.09576818346977234
test_warm,cf-bpr,0.06433550268411636
test_warm,cf-bpr,0.06923481822013855
test_warm,cf-bpr,0.04821733757853508
test_warm,cf-bpr,0.08568330854177475
test_warm,cf-bpr,0.073745958507061
test_warm,cf-bpr,0.07372459024190903
test_warm,cf-bpr,0.10705586522817612
test_warm,cf-bpr,0.057933539152145386
test_warm,cf-bpr,0.07909233123064041
test_warm,cf-bpr,0.026113416999578476
test_warm,cf-bpr,0.041842930018901825
test_warm,cf-bpr,0.06908989697694778
test_warm,cf-bpr,0.03723924234509468
test_warm,cf-bpr,0.05726171284914017
test_warm,cf-bpr,0.06707311421632767
test_warm,cf-bpr,0.10430342704057693
test_warm,cf-bpr,0.10824004560709
test_warm,cf-bpr,0.06505114585161209
test_warm,cf-bpr,0.04427853971719742
test_warm,cf-bpr,0.06260186433792114
test_warm,cf-bpr,0.038994841277599335
test_warm,cf-bpr,0.10322197526693344
test_warm,cf-bpr,0.04409201815724373
test_warm,cf-bpr,0.0777086541056633
test_warm,cf-bpr,0.07115687429904938
test_warm,cf-bpr,0.05822997912764549
test_warm,cf-bpr,0.10557302832603455
test_warm,cf-bpr,0.07569549232721329
test_warm,cf-bpr,0.05244658514857292
test_warm,cf-bpr,0.08595486730337143
test_warm,cf-bpr,0.12711918354034424
test_warm,cf-bpr,0.0697672888636589
test_warm,cf-bpr,0.08696319162845612
test_warm,cf-bpr,0.06338448822498322
test_warm,cf-bpr,0.060102932155132294
test_warm,cf-bpr,0.03783281892538071
test_warm,cf-bpr,0.09348347038030624
test_warm,cf-bpr,0.0736570954322815
test_warm,cf-bpr,0.05517333000898361
test_warm,cf-bpr,0.08834189176559448
test_warm,cf-bpr,0.08641503006219864
test_warm,cf-bpr,0.05584852397441864
test_warm,cf-bpr,0.046580277383327484
test_warm,cf-bpr,0.09563744813203812
test_warm,cf-bpr,0.08476421236991882
test_warm,cf-bpr,0.05400257557630539
test_warm,cf-bpr,0.041431330144405365
test_warm,cf-bpr,0.038961011916399
test_warm,cf-bpr,0.09406469762325287
test_warm,cf-bpr,0.053541526198387146
test_warm,cf-bpr,0.05011411011219025
test_warm,cf-bpr,0.056382376700639725
test_warm,cf-bpr,0.038897257298231125
test_warm,cf-bpr,0.07804207503795624
test_warm,cf-bpr,0.04884881153702736
test_warm,cf-bpr,0.05797208845615387
test_warm,cf-bpr,0.12096243351697922
test_warm,cf-bpr,0.07585248351097107
test_warm,cf-bpr,0.09571370482444763
test_warm,cf-bpr,0.09877283871173859
test_warm,cf-bpr,0.1216583400964737
test_warm,cf-bpr,0.11986299604177475
test_warm,cf-bpr,0.06638076901435852
test_warm,cf-bpr,0.0925256609916687
test_warm,cf-bpr,0.09092898666858673
test_warm,cf-bpr,0.043833278119564056
test_warm,cf-bpr,0.062138356268405914
test_warm,cf-bpr,0.03522312268614769
test_warm,cf-bpr,0.05207309126853943
test_warm,cf-bpr,0.04405374079942703
test_warm,cf-bpr,0.04037705063819885
test_warm,cf-bpr,0.0639471709728241
test_warm,cf-bpr,0.07653531432151794
test_warm,cf-bpr,0.0537341944873333
test_warm,cf-bpr,0.05891226604580879
test_warm,cf-bpr,0.050887517631053925
test_warm,cf-bpr,0.040900807827711105
test_warm,cf-bpr,0.07321765273809433
test_warm,cf-bpr,0.09281252324581146
test_warm,cf-bpr,0.07274382561445236
test_warm,cf-bpr,0.06226997822523117
test_warm,cf-bpr,0.06858512759208679
test_warm,cf-bpr,0.07331933826208115
test_warm,cf-bpr,0.06229574978351593
test_warm,cf-bpr,0.09441376477479935
test_warm,cf-bpr,0.06903301179409027
test_warm,cf-bpr,0.061638861894607544
test_warm,cf-bpr,0.09265781939029694
test_warm,cf-bpr,0.06740476191043854
test_warm,cf-bpr,0.036704789847135544
test_warm,cf-bpr,0.07767578214406967
test_warm,cf-bpr,0.03140678256750107
test_warm,cf-bpr,0.03232600912451744
test_warm,cf-bpr,0.09545159339904785
test_warm,cf-bpr,0.06914953887462616
test_warm,cf-bpr,0.10109841078519821
test_warm,cf-bpr,0.05379924923181534
test_warm,cf-bpr,0.05421113967895508
test_warm,cf-bpr,0.06921330839395523
test_warm,cf-bpr,0.0586622916162014
test_warm,cf-bpr,0.0473087914288044
test_warm,cf-bpr,0.07464654743671417
test_warm,cf-bpr,0.02850211039185524
test_warm,cf-bpr,0.08089381456375122
test_warm,cf-bpr,0.0760059580206871
test_warm,cf-bpr,0.04260673001408577
test_warm,cf-bpr,0.04672018066048622
test_warm,cf-bpr,0.06964940577745438
test_warm,cf-bpr,0.052618399262428284
test_warm,cf-bpr,0.04136493802070618
test_warm,cf-bpr,0.060933906584978104
test_warm,cf-bpr,0.05092234164476395
test_warm,cf-bpr,0.07690075784921646
test_warm,cf-bpr,0.05541567876935005
test_warm,cf-bpr,0.08268775045871735
test_warm,cf-bpr,0.07850644737482071
test_warm,cf-bpr,0.05337073653936386
test_warm,cf-bpr,0.08249291777610779
test_warm,cf-bpr,0.07186576724052429
test_warm,cf-bpr,0.06924751400947571
test_warm,cf-bpr,0.07187864184379578
test_warm,cf-bpr,0.0721295103430748
test_warm,cf-bpr,0.17816342413425446
test_warm,cf-bpr,0.0695730671286583
test_warm,cf-bpr,0.07475986331701279
test_warm,cf-bpr,0.06679598242044449
test_warm,cf-bpr,0.07493962347507477
test_warm,cf-bpr,0.053146716207265854
test_warm,cf-bpr,0.08917579054832458
test_warm,cf-bpr,0.07595302909612656
test_warm,cf-bpr,0.046513330191373825
test_warm,cf-bpr,0.04091992229223251
test_warm,cf-bpr,0.06847802549600601
test_warm,cf-bpr,0.06106157228350639
test_warm,cf-bpr,0.08210141956806183
test_warm,cf-bpr,0.09085069596767426
test_warm,cf-bpr,0.059075575321912766
test_warm,cf-bpr,0.06338319927453995
test_warm,cf-bpr,0.06796326488256454
test_warm,cf-bpr,0.041790496557950974
test_warm,cf-bpr,0.12662294507026672
test_warm,cf-bpr,0.11547190696001053
test_warm,cf-bpr,0.035490866750478745
test_warm,cf-bpr,0.2080725133419037
test_warm,cf-bpr,0.08363168686628342
test_warm,cf-bpr,0.05852546542882919
test_warm,cf-bpr,0.07003483176231384
test_warm,cf-bpr,0.07662680000066757
test_warm,cf-bpr,0.06635791808366776
test_warm,cf-bpr,0.05567978695034981
test_warm,cf-bpr,0.035156503319740295
test_warm,cf-bpr,0.043079715222120285
test_warm,cf-bpr,0.07556811720132828
test_warm,cf-bpr,0.04949721321463585
test_warm,cf-bpr,0.08813899755477905
test_warm,cf-bpr,0.08669515699148178
test_warm,cf-bpr,0.1003427729010582
test_warm,cf-bpr,0.057341136038303375
test_warm,cf-bpr,0.07454057037830353
test_warm,cf-bpr,0.06270391494035721
test_warm,cf-bpr,0.046904806047677994
test_warm,cf-bpr,0.19544397294521332
test_warm,cf-bpr,0.03081769309937954
test_warm,cf-bpr,0.039578989148139954
test_warm,cf-bpr,0.0471097007393837
test_warm,cf-bpr,0.040353648364543915
test_warm,cf-bpr,0.05161288380622864
test_warm,cf-bpr,0.04458589106798172
test_warm,cf-bpr,0.060459937900304794
test_warm,cf-bpr,0.0876900777220726
test_warm,cf-bpr,0.0630079135298729
test_warm,cf-bpr,0.06696657836437225
test_warm,cf-bpr,0.08720950037240982
test_warm,cf-bpr,0.060223791748285294
test_warm,cf-bpr,0.04347589612007141
test_warm,cf-bpr,0.0467706173658371
test_warm,cf-bpr,0.0639810562133789
test_warm,cf-bpr,0.055678680539131165
test_warm,cf-bpr,0.08991453051567078
test_warm,cf-bpr,0.07882998138666153
test_warm,cf-bpr,0.055588725954294205
test_warm,cf-bpr,0.05010761320590973
test_warm,cf-bpr,0.044720567762851715
test_warm,cf-bpr,0.05786719545722008
test_warm,cf-bpr,0.044903714209795
test_warm,cf-bpr,0.07174589484930038
test_warm,cf-bpr,0.0795021653175354
test_warm,cf-bpr,0.07012897729873657
test_warm,cf-bpr,0.06413726508617401
test_warm,cf-bpr,0.08721921592950821
test_warm,cf-bpr,0.05103638768196106
test_warm,cf-bpr,0.08605217188596725
test_warm,cf-bpr,0.0554371178150177
test_warm,cf-bpr,0.09237223863601685
test_warm,cf-bpr,0.045685701072216034
test_warm,cf-bpr,0.07861930876970291
test_warm,cf-bpr,0.052580613642930984
test_warm,cf-bpr,0.06891671568155289
test_warm,cf-bpr,0.05044283717870712
test_warm,cf-bpr,0.11945711076259613
test_warm,cf-bpr,0.05296307057142258
test_warm,cf-bpr,0.07470710575580597
test_warm,cf-bpr,0.10169033706188202
test_warm,cf-bpr,0.07159342616796494
test_warm,cf-bpr,0.09003940224647522
test_warm,cf-bpr,0.048005539923906326
test_warm,cf-bpr,0.09429613500833511
test_warm,cf-bpr,0.0696370005607605
test_warm,cf-bpr,0.06369644403457642
test_warm,cf-bpr,0.1279696822166443
test_warm,cf-bpr,0.09603563696146011
test_warm,cf-bpr,0.07122721523046494
test_warm,cf-bpr,0.07422591745853424
test_warm,cf-bpr,0.08965561538934708
test_warm,cf-bpr,0.09092702716588974
test_warm,cf-bpr,0.0347713939845562
test_warm,cf-bpr,0.055897172540426254
test_warm,cf-bpr,0.061334412544965744
test_warm,cf-bpr,0.06338644027709961
test_warm,cf-bpr,0.05053369328379631
test_warm,cf-bpr,0.03535769507288933
test_warm,cf-bpr,0.04202456399798393
test_warm,cf-bpr,0.12046099454164505
test_warm,cf-bpr,0.07598473876714706
test_warm,cf-bpr,0.05239637941122055
test_warm,cf-bpr,0.06596910953521729
test_warm,cf-bpr,0.07010351866483688
test_warm,cf-bpr,0.06898673623800278
test_warm,cf-bpr,0.04843178763985634
test_warm,cf-bpr,0.06423445791006088
test_warm,cf-bpr,0.07082285732030869
test_warm,cf-bpr,0.06522072106599808
test_warm,cf-bpr,0.08140067756175995
test_warm,cf-bpr,0.032230716198682785
test_warm,cf-bpr,0.052048228681087494
test_warm,cf-bpr,0.0847625657916069
test_warm,cf-bpr,0.05310579761862755
test_warm,cf-bpr,0.07332602888345718
test_warm,cf-bpr,0.037139102816581726
test_warm,cf-bpr,0.07546830922365189
test_warm,cf-bpr,0.08398684114217758
test_warm,cf-bpr,0.05394446849822998
test_warm,cf-bpr,0.05646352469921112
test_warm,cf-bpr,0.05293792858719826
test_warm,cf-bpr,0.05143965408205986
test_warm,cf-bpr,0.057330381125211716
test_warm,cf-bpr,0.0830325111746788
test_warm,cf-bpr,0.04710705205798149
test_warm,cf-bpr,0.0388927198946476
test_warm,cf-bpr,0.1540098488330841
test_warm,cf-bpr,0.04081124812364578
test_warm,cf-bpr,0.052690133452415466
test_warm,cf-bpr,0.054189421236515045
test_warm,cf-bpr,0.09517427533864975
test_warm,cf-bpr,0.07398466765880585
test_warm,cf-bpr,0.08638286590576172
test_warm,cf-bpr,0.06366714090108871
test_warm,cf-bpr,0.03877425566315651
test_warm,cf-bpr,0.10351886600255966
test_warm,cf-bpr,0.07527192682027817
test_warm,cf-bpr,0.02895824983716011
test_warm,cf-bpr,0.05644703283905983
test_warm,cf-bpr,0.045045528560876846
test_warm,cf-bpr,0.06061805412173271
test_warm,cf-bpr,0.05755433067679405
test_warm,cf-bpr,0.0937146246433258
test_warm,cf-bpr,0.04349235072731972
test_warm,cf-bpr,0.05284510925412178
test_warm,cf-bpr,0.10977146029472351
test_warm,cf-bpr,0.0643133819103241
test_warm,cf-bpr,0.06736616790294647
test_warm,cf-bpr,0.09921424090862274
test_warm,cf-bpr,0.0659826472401619
test_warm,cf-bpr,0.05191302299499512
test_warm,cf-bpr,0.10119806230068207
test_warm,cf-bpr,0.08361849933862686
test_warm,cf-bpr,0.0558944046497345
test_warm,cf-bpr,0.05086252838373184
test_warm,cf-bpr,0.07283863425254822
test_warm,cf-bpr,0.07207894325256348
test_warm,cf-bpr,0.07211269438266754
test_warm,cf-bpr,0.08820343762636185
test_warm,cf-bpr,0.10209158807992935
test_warm,cf-bpr,0.07063945382833481
test_warm,cf-bpr,0.06699658185243607
test_warm,cf-bpr,0.10241714119911194
test_warm,cf-bpr,0.056577712297439575
test_warm,cf-bpr,0.07676740735769272
test_warm,cf-bpr,0.04052678495645523
test_warm,cf-bpr,0.05179653689265251
test_warm,cf-bpr,0.0548822358250618
test_warm,cf-bpr,0.08733729273080826
test_warm,cf-bpr,0.048947013914585114
test_warm,cf-bpr,0.06761905550956726
test_warm,cf-bpr,0.042205844074487686
test_warm,cf-bpr,0.052213385701179504
test_warm,cf-bpr,0.07412956655025482
test_warm,cf-bpr,0.0558830089867115
test_warm,cf-bpr,0.06847380101680756
test_warm,cf-bpr,0.0479184128344059
test_warm,cf-bpr,0.05349690094590187
test_warm,cf-bpr,0.09382633119821548
test_warm,cf-bpr,0.0790480300784111
test_warm,cf-bpr,0.0749698206782341
test_warm,cf-bpr,0.042140424251556396
test_warm,cf-bpr,0.08211106806993484
test_warm,cf-bpr,0.047676678746938705
test_warm,cf-bpr,0.04180610924959183
test_warm,cf-bpr,0.09371908754110336
test_warm,cf-bpr,0.042894039303064346
test_warm,cf-bpr,0.06594425439834595
test_warm,cf-bpr,0.0731162279844284
test_warm,cf-bpr,0.03836789354681969
test_warm,cf-bpr,0.07531473785638809
test_warm,cf-bpr,0.03284534066915512
test_warm,cf-bpr,0.043655410408973694
test_warm,cf-bpr,0.057052794843912125
test_warm,cf-bpr,0.06701994687318802
test_warm,cf-bpr,0.05387696996331215
test_warm,cf-bpr,0.054301925003528595
test_warm,cf-bpr,0.04778659716248512
test_warm,cf-bpr,0.06949952244758606
test_warm,cf-bpr,0.03824744373559952
test_warm,cf-bpr,0.03008716180920601
test_warm,cf-bpr,0.05377197265625
test_warm,cf-bpr,0.0722455084323883
test_warm,cf-bpr,0.08521124720573425
train,cf-bpr,0.033194344490766525
train,cf-bpr,0.03289593383669853
train,cf-bpr,0.04702732712030411
train,cf-bpr,0.042314138263463974
train,cf-bpr,0.03944722190499306
train,cf-bpr,0.034522220492362976
train,cf-bpr,0.03834593668580055
train,cf-bpr,0.07367105036973953
train,cf-bpr,0.03492678329348564
train,cf-bpr,0.049673665314912796
train,cf-bpr,0.04039359465241432
train,cf-bpr,0.032043687999248505
train,cf-bpr,0.054080888628959656
train,cf-bpr,0.03471675515174866
train,cf-bpr,0.03913643956184387
train,cf-bpr,0.03217213228344917
train,cf-bpr,0.04374563694000244
train,cf-bpr,0.035078972578048706
train,cf-bpr,0.036343421787023544
train,cf-bpr,0.0732288509607315
train,cf-bpr,0.04592788964509964
train,cf-bpr,0.03531471639871597
train,cf-bpr,0.025480100885033607
train,cf-bpr,0.030292799696326256
train,cf-bpr,0.03570389002561569
train,cf-bpr,0.05634641647338867
train,cf-bpr,0.03981667757034302
train,cf-bpr,0.03278345987200737
train,cf-bpr,0.04157673567533493
train,cf-bpr,0.04578336700797081
train,cf-bpr,0.03799092397093773
train,cf-bpr,0.034689631313085556
train,cf-bpr,0.037728410214185715
train,cf-bpr,0.029328729957342148
train,cf-bpr,0.0440700426697731
train,cf-bpr,0.030498795211315155
train,cf-bpr,0.04356522485613823
train,cf-bpr,0.04736370965838432
train,cf-bpr,0.03979045897722244
train,cf-bpr,0.0379992239177227
train,cf-bpr,0.03884511813521385
train,cf-bpr,0.03375328704714775
train,cf-bpr,0.03008510358631611
train,cf-bpr,0.04779897630214691
train,cf-bpr,0.0402764193713665
train,cf-bpr,0.055974118411540985
train,cf-bpr,0.039838895201683044
train,cf-bpr,0.03993833437561989
train,cf-bpr,0.02684681862592697
train,cf-bpr,0.028616489842534065
train,cf-bpr,0.04205354303121567
train,cf-bpr,0.042229752987623215
train,cf-bpr,0.03998234122991562
train,cf-bpr,0.0421280562877655
train,cf-bpr,0.03417280316352844
train,cf-bpr,0.037980034947395325
train,cf-bpr,0.04704467952251434
train,cf-bpr,0.04061342775821686
train,cf-bpr,0.04073430970311165
train,cf-bpr,0.033143941313028336
train,cf-bpr,0.03437625616788864
train,cf-bpr,0.039939139038324356
train,cf-bpr,0.04286683723330498
train,cf-bpr,0.06864134967327118
train,cf-bpr,0.030963966622948647
train,cf-bpr,0.039299026131629944
train,cf-bpr,0.047141361981630325
train,cf-bpr,0.029353365302085876
train,cf-bpr,0.04007422924041748
train,cf-bpr,0.03927254304289818
train,cf-bpr,0.03828977793455124
train,cf-bpr,0.03848114609718323
train,cf-bpr,0.04408719018101692
train,cf-bpr,0.028542688116431236
train,cf-bpr,0.039203185588121414
train,cf-bpr,0.026399575173854828
train,cf-bpr,0.03822806105017662
train,cf-bpr,0.03751065954566002
train,cf-bpr,0.032923948019742966
train,cf-bpr,0.037471771240234375
train,cf-bpr,0.03717929869890213
train,cf-bpr,0.03527243435382843
train,cf-bpr,0.03642318770289421
train,cf-bpr,0.035315755754709244
train,cf-bpr,0.04844691604375839
train,cf-bpr,0.03851201757788658
train,cf-bpr,0.06260186433792114
train,cf-bpr,0.03289264813065529
train,cf-bpr,0.046231504529714584
train,cf-bpr,0.033985435962677
train,cf-bpr,0.05185094475746155
train,cf-bpr,0.03488442301750183
train,cf-bpr,0.04099934548139572
train,cf-bpr,0.06158217042684555
train,cf-bpr,0.055534057319164276
train,cf-bpr,0.029805850237607956
train,cf-bpr,0.03101012483239174
train,cf-bpr,0.06988279521465302
train,cf-bpr,0.039626769721508026
train,cf-bpr,0.04544214531779289
train,cf-bpr,0.04829845204949379
train,cf-bpr,0.05016336217522621
train,cf-bpr,0.03420419991016388
train,cf-bpr,0.026386704295873642
train,cf-bpr,0.0697672888636589
train,cf-bpr,0.04673119634389877
train,cf-bpr,0.026786211878061295
train,cf-bpr,0.033775608986616135
train,cf-bpr,0.029932504519820213
train,cf-bpr,0.04282036051154137
train,cf-bpr,0.03715532645583153
train,cf-bpr,0.03997786343097687
train,cf-bpr,0.032990314066410065
train,cf-bpr,0.04195830598473549
train,cf-bpr,0.05726960673928261
train,cf-bpr,0.0387146882712841
train,cf-bpr,0.032623231410980225
train,cf-bpr,0.04275013878941536
train,cf-bpr,0.026507316157221794
train,cf-bpr,0.03234146907925606
train,cf-bpr,0.06314191967248917
train,cf-bpr,0.09571370482444763
train,cf-bpr,0.0312070082873106
train,cf-bpr,0.037638843059539795
train,cf-bpr,0.04891033470630646
train,cf-bpr,0.045809488743543625
train,cf-bpr,0.03345482796430588
train,cf-bpr,0.03554997965693474
train,cf-bpr,0.03509936109185219
train,cf-bpr,0.0308124627918005
train,cf-bpr,0.04808179661631584
train,cf-bpr,0.03574060648679733
train,cf-bpr,0.03517451137304306
train,cf-bpr,0.03988633304834366
train,cf-bpr,0.02988979034125805
train,cf-bpr,0.035186007618904114
train,cf-bpr,0.03188580647110939
train,cf-bpr,0.032322097569704056
train,cf-bpr,0.029880262911319733
train,cf-bpr,0.02996382676064968
train,cf-bpr,0.026931889355182648
train,cf-bpr,0.037421490997076035
train,cf-bpr,0.02728773094713688
train,cf-bpr,0.037926867604255676
train,cf-bpr,0.033382415771484375
train,cf-bpr,0.025766687467694283
train,cf-bpr,0.05868237093091011
train,cf-bpr,0.03901540860533714
train,cf-bpr,0.041618712246418
train,cf-bpr,0.029972953721880913
train,cf-bpr,0.03361295908689499
train,cf-bpr,0.04601924493908882
train,cf-bpr,0.06858512759208679
train,cf-bpr,0.04315405711531639
train,cf-bpr,0.06722880154848099
train,cf-bpr,0.04072261601686478
train,cf-bpr,0.028699081391096115
train,cf-bpr,0.061638861894607544
train,cf-bpr,0.036674585193395615
train,cf-bpr,0.04760221391916275
train,cf-bpr,0.03766637295484543
train,cf-bpr,0.031804006546735764
train,cf-bpr,0.0448288768529892
train,cf-bpr,0.03620990738272667
train,cf-bpr,0.03502402454614639
train,cf-bpr,0.03763585910201073
train,cf-bpr,0.04327685758471489
train,cf-bpr,0.042089954018592834
train,cf-bpr,0.034432657063007355
train,cf-bpr,0.03546823188662529
train,cf-bpr,0.03187555819749832
train,cf-bpr,0.0431189201772213
train,cf-bpr,0.02830285020172596
train,cf-bpr,0.045165594667196274
train,cf-bpr,0.03549394756555557
train,cf-bpr,0.02662762627005577
train,cf-bpr,0.03681923821568489
train,cf-bpr,0.041466403752565384
train,cf-bpr,0.04036785289645195
train,cf-bpr,0.043518949300050735
train,cf-bpr,0.037315525114536285
train,cf-bpr,0.03166241943836212
train,cf-bpr,0.03523842990398407
train,cf-bpr,0.03576627001166344
train,cf-bpr,0.03758646175265312
train,cf-bpr,0.034193992614746094
train,cf-bpr,0.03081042878329754
train,cf-bpr,0.03473426401615143
train,cf-bpr,0.04102342575788498
train,cf-bpr,0.027917401865124702
train,cf-bpr,0.04129694029688835
train,cf-bpr,0.027599407359957695
train,cf-bpr,0.02929585613310337
train,cf-bpr,0.027730263769626617
train,cf-bpr,0.039385195821523666
train,cf-bpr,0.03915129974484444
train,cf-bpr,0.049942802637815475
train,cf-bpr,0.0488760881125927
train,cf-bpr,0.036885056644678116
train,cf-bpr,0.03471696749329567
train,cf-bpr,0.028937827795743942
train,cf-bpr,0.0354468859732151
train,cf-bpr,0.038654208183288574
train,cf-bpr,0.029648788273334503
train,cf-bpr,0.030398042872548103
train,cf-bpr,0.03583996370434761
train,cf-bpr,0.03842445835471153
train,cf-bpr,0.06288210302591324
train,cf-bpr,0.04735239967703819
train,cf-bpr,0.05875810608267784
train,cf-bpr,0.0450863391160965
train,cf-bpr,0.030649375170469284
train,cf-bpr,0.029543429613113403
train,cf-bpr,0.044622212648391724
train,cf-bpr,0.04256483167409897
train,cf-bpr,0.043651413172483444
train,cf-bpr,0.039393212646245956
train,cf-bpr,0.037376467138528824
train,cf-bpr,0.0721295103430748
train,cf-bpr,0.04334046319127083
train,cf-bpr,0.03492090106010437
train,cf-bpr,0.038002219051122665
train,cf-bpr,0.04828633368015289
train,cf-bpr,0.03303319588303566
train,cf-bpr,0.032808199524879456
train,cf-bpr,0.031116554513573647
train,cf-bpr,0.035727329552173615
train,cf-bpr,0.059657689183950424
train,cf-bpr,0.03524717688560486
train,cf-bpr,0.03481649234890938
train,cf-bpr,0.03224770724773407
train,cf-bpr,0.04108036682009697
train,cf-bpr,0.05352029204368591
train,cf-bpr,0.03308476135134697
train,cf-bpr,0.04066871479153633
train,cf-bpr,0.03433110937476158
train,cf-bpr,0.03540291264653206
train,cf-bpr,0.030455416068434715
train,cf-bpr,0.060202647000551224
train,cf-bpr,0.03974471241235733
train,cf-bpr,0.03990660235285759
train,cf-bpr,0.049109384417533875
train,cf-bpr,0.041580550372600555
train,cf-bpr,0.04331502690911293
train,cf-bpr,0.04235498234629631
train,cf-bpr,0.03242773190140724
train,cf-bpr,0.040038373321294785
train,cf-bpr,0.09085069596767426
train,cf-bpr,0.03934216499328613
train,cf-bpr,0.03556877747178078
train,cf-bpr,0.07931611686944962
train,cf-bpr,0.05689159780740738
train,cf-bpr,0.04035303369164467
train,cf-bpr,0.04299696534872055
train,cf-bpr,0.03434715047478676
train,cf-bpr,0.0391361266374588
train,cf-bpr,0.0412684790790081
train,cf-bpr,0.04550980404019356
train,cf-bpr,0.0686744824051857
train,cf-bpr,0.042937107384204865
train,cf-bpr,0.037543728947639465
train,cf-bpr,0.043555885553359985
train,cf-bpr,0.0414225272834301
train,cf-bpr,0.04051492363214493
train,cf-bpr,0.03483057767152786
train,cf-bpr,0.027574244886636734
train,cf-bpr,0.05567285791039467
train,cf-bpr,0.03562401235103607
train,cf-bpr,0.030769621953368187
train,cf-bpr,0.03319637104868889
train,cf-bpr,0.040471792221069336
train,cf-bpr,0.03727284446358681
train,cf-bpr,0.04789014533162117
train,cf-bpr,0.1003427729010582
train,cf-bpr,0.0404602475464344
train,cf-bpr,0.039440758526325226
train,cf-bpr,0.04164259135723114
train,cf-bpr,0.04196498170495033
train,cf-bpr,0.030425962060689926
train,cf-bpr,0.037497058510780334
train,cf-bpr,0.03864652290940285
train,cf-bpr,0.02951481007039547
train,cf-bpr,0.048622939735651016
train,cf-bpr,0.026908067986369133
train,cf-bpr,0.04653292894363403
train,cf-bpr,0.09161350131034851
train,cf-bpr,0.04189435392618179
train,cf-bpr,0.03277934715151787
train,cf-bpr,0.032059233635663986
train,cf-bpr,0.04455510899424553
train,cf-bpr,0.04458589106798172
train,cf-bpr,0.05107763409614563
train,cf-bpr,0.039581384509801865
train,cf-bpr,0.03873211145401001
train,cf-bpr,0.0373658649623394
train,cf-bpr,0.0340246856212616
train,cf-bpr,0.03359146788716316
train,cf-bpr,0.05263415351510048
train,cf-bpr,0.030895117670297623
train,cf-bpr,0.047805555164813995
train,cf-bpr,0.03042314015328884
train,cf-bpr,0.045624181628227234
train,cf-bpr,0.03778458014130592
train,cf-bpr,0.03999914973974228
train,cf-bpr,0.04642079398036003
train,cf-bpr,0.026639573276042938
train,cf-bpr,0.040370550006628036
train,cf-bpr,0.031575627624988556
train,cf-bpr,0.03636129945516586
train,cf-bpr,0.044720567762851715
train,cf-bpr,0.02379743941128254
train,cf-bpr,0.032104287296533585
train,cf-bpr,0.03221096098423004
train,cf-bpr,0.03296012431383133
train,cf-bpr,0.0476764552295208
train,cf-bpr,0.04408461973071098
train,cf-bpr,0.04287126287817955
train,cf-bpr,0.04613368213176727
train,cf-bpr,0.032650262117385864
train,cf-bpr,0.039158642292022705
train,cf-bpr,0.03938892111182213
train,cf-bpr,0.03543158993124962
train,cf-bpr,0.05916249006986618
train,cf-bpr,0.03683697059750557
train,cf-bpr,0.030692167580127716
train,cf-bpr,0.02644696831703186
train,cf-bpr,0.029570767655968666
train,cf-bpr,0.07470710575580597
train,cf-bpr,0.049416232854127884
train,cf-bpr,0.031208867207169533
train,cf-bpr,0.06337925791740417
train,cf-bpr,0.03815430402755737
train,cf-bpr,0.041694026440382004
train,cf-bpr,0.07159342616796494
train,cf-bpr,0.08208155632019043
train,cf-bpr,0.048005539923906326
train,cf-bpr,0.03671024367213249
train,cf-bpr,0.08103683590888977
train,cf-bpr,0.036693163216114044
train,cf-bpr,0.034995827823877335
train,cf-bpr,0.035869497805833817
train,cf-bpr,0.04676390811800957
train,cf-bpr,0.05425924062728882
train,cf-bpr,0.03630979359149933
train,cf-bpr,0.02872351184487343
train,cf-bpr,0.04904704540967941
train,cf-bpr,0.03888031840324402
train,cf-bpr,0.027050241827964783
train,cf-bpr,0.03460623323917389
train,cf-bpr,0.026166507974267006
train,cf-bpr,0.037244152277708054
train,cf-bpr,0.03612757474184036
train,cf-bpr,0.03381570428609848
train,cf-bpr,0.03089730069041252
train,cf-bpr,0.033518511801958084
train,cf-bpr,0.026321349665522575
train,cf-bpr,0.03138972446322441
train,cf-bpr,0.03750351071357727
train,cf-bpr,0.031205059960484505
train,cf-bpr,0.03419449180364609
train,cf-bpr,0.053027767688035965
train,cf-bpr,0.033534109592437744
train,cf-bpr,0.04202456399798393
train,cf-bpr,0.03387817367911339
train,cf-bpr,0.035300713032484055
train,cf-bpr,0.029532067477703094
train,cf-bpr,0.05464351922273636
train,cf-bpr,0.04717181250452995
train,cf-bpr,0.029289545491337776
train,cf-bpr,0.03484361618757248
train,cf-bpr,0.0276808962225914
train,cf-bpr,0.023328445851802826
train,cf-bpr,0.03499521315097809
train,cf-bpr,0.03949031978845596
train,cf-bpr,0.030923213809728622
train,cf-bpr,0.033681999891996384
train,cf-bpr,0.033131491392850876
train,cf-bpr,0.040643706917762756
train,cf-bpr,0.04855236038565636
train,cf-bpr,0.03554629907011986
train,cf-bpr,0.036555808037519455
train,cf-bpr,0.039840999990701675
train,cf-bpr,0.030515985563397408
train,cf-bpr,0.04872334375977516
train,cf-bpr,0.03152937442064285
train,cf-bpr,0.03139287233352661
train,cf-bpr,0.03768184781074524
train,cf-bpr,0.03575130179524422
train,cf-bpr,0.04223945736885071
train,cf-bpr,0.031880754977464676
train,cf-bpr,0.03179314360022545
train,cf-bpr,0.03116927482187748
train,cf-bpr,0.03727215528488159
train,cf-bpr,0.03653576225042343
train,cf-bpr,0.027697298675775528
train,cf-bpr,0.03624449297785759
train,cf-bpr,0.036354683339595795
train,cf-bpr,0.0355338379740715
train,cf-bpr,0.03698502480983734
train,cf-bpr,0.039100974798202515
train,cf-bpr,0.04946373030543327
train,cf-bpr,0.029855797067284584
train,cf-bpr,0.03460992872714996
train,cf-bpr,0.032669324427843094
train,cf-bpr,0.042722996324300766
train,cf-bpr,0.03139091655611992
train,cf-bpr,0.052217673510313034
train,cf-bpr,0.04408534988760948
train,cf-bpr,0.03670487552881241
train,cf-bpr,0.030335422605276108
train,cf-bpr,0.03336184099316597
train,cf-bpr,0.024372238665819168
train,cf-bpr,0.03234975039958954
train,cf-bpr,0.03454595059156418
train,cf-bpr,0.027373485267162323
train,cf-bpr,0.03422941267490387
train,cf-bpr,0.045608509331941605
train,cf-bpr,0.030388617888092995
train,cf-bpr,0.03194766491651535
train,cf-bpr,0.04017831012606621
train,cf-bpr,0.04738759249448776
train,cf-bpr,0.03880944103002548
train,cf-bpr,0.042899370193481445
train,cf-bpr,0.029209567233920097
train,cf-bpr,0.02852904610335827
train,cf-bpr,0.05798887461423874
train,cf-bpr,0.03299790993332863
train,cf-bpr,0.02806376852095127
train,cf-bpr,0.0659826472401619
train,cf-bpr,0.039034854620695114
train,cf-bpr,0.028162287548184395
train,cf-bpr,0.030306873843073845
train,cf-bpr,0.041551705449819565
train,cf-bpr,0.04603208974003792
train,cf-bpr,0.03048323467373848
train,cf-bpr,0.04077193886041641
train,cf-bpr,0.04023440554738045
train,cf-bpr,0.03486916422843933
train,cf-bpr,0.039523422718048096
train,cf-bpr,0.038518015295267105
train,cf-bpr,0.030659057199954987
train,cf-bpr,0.033072810620069504
train,cf-bpr,0.06423316895961761
train,cf-bpr,0.03548724204301834
train,cf-bpr,0.04067911207675934
train,cf-bpr,0.034401070326566696
train,cf-bpr,0.03735515847802162
train,cf-bpr,0.04367750510573387
train,cf-bpr,0.04990513250231743
train,cf-bpr,0.02868190035223961
train,cf-bpr,0.05579587072134018
train,cf-bpr,0.028202492743730545
train,cf-bpr,0.03942073881626129
train,cf-bpr,0.0392521470785141
train,cf-bpr,0.04914608597755432
train,cf-bpr,0.028841989114880562
train,cf-bpr,0.03346157819032669
train,cf-bpr,0.04386422038078308
train,cf-bpr,0.03469220921397209
train,cf-bpr,0.025961941108107567
train,cf-bpr,0.03911757841706276
train,cf-bpr,0.03901420533657074
train,cf-bpr,0.02968616597354412
train,cf-bpr,0.03439189866185188
train,cf-bpr,0.034598685801029205
train,cf-bpr,0.04202614724636078
train,cf-bpr,0.039635319262742996
train,cf-bpr,0.03261803463101387
train,cf-bpr,0.04019148275256157
train,cf-bpr,0.040878456085920334
train,cf-bpr,0.03715591877698898
train,cf-bpr,0.04298178106546402
train,cf-bpr,0.03743922337889671
train,cf-bpr,0.03753238916397095
train,cf-bpr,0.02496933564543724
train,cf-bpr,0.03486333042383194
train,cf-bpr,0.03901166468858719
train,cf-bpr,0.022502541542053223
train,cf-bpr,0.04039149358868599
train,cf-bpr,0.042612649500370026
train,cf-bpr,0.03224756196141243
train,cf-bpr,0.02897944673895836
train,cf-bpr,0.033738527446985245
train,cf-bpr,0.04366794228553772
train,cf-bpr,0.04969218000769615
train,cf-bpr,0.022856542840600014
train,cf-bpr,0.045376554131507874
train,cf-bpr,0.050061535090208054
train,cf-bpr,0.03836789354681969
train,cf-bpr,0.046465352177619934
train,cf-bpr,0.0257122702896595
train,cf-bpr,0.042993783950805664
train,cf-bpr,0.028321370482444763
train,cf-bpr,0.07075963169336319
train,cf-bpr,0.04598526656627655
train,cf-bpr,0.03611660748720169
train,cf-bpr,0.04559281840920448
train,cf-bpr,0.04778659716248512
train,cf-bpr,0.02516327239573002
train,cf-bpr,0.04099186882376671
train,cf-bpr,0.038439203053712845
train,cf-bpr,0.040054891258478165
train,cf-bpr,0.04513361304998398
train,cf-bpr,0.04169159010052681
train,cf-bpr,0.038974788039922714
train,cf-bpr,0.038139984011650085
train,cf-bpr,0.04675329476594925
train,cf-bpr,0.03338468447327614
train,cf-bpr,0.04271641746163368
train,cf-bpr,0.036834727972745895
train,cf-bpr,0.04331683740019798
train,cf-bpr,0.026586320251226425
train,cf-bpr,0.035364724695682526
train,cf-bpr,0.03782802075147629
train,cf-bpr,0.05423957109451294
train,cf-bpr,0.03737534582614899
train,cf-bpr,0.04626615718007088
train,cf-bpr,0.039740901440382004
train,cf-bpr,0.03465426340699196
train,cf-bpr,0.0393192283809185
train,cf-bpr,0.03491374850273132
train,cf-bpr,0.030184902250766754
train,cf-bpr,0.05566829815506935
train,cf-bpr,0.03710934519767761
train,cf-bpr,0.0379837304353714
train,cf-bpr,0.03783093020319939
train,cf-bpr,0.03521076589822769
train,cf-bpr,0.03726549819111824
train,cf-bpr,0.041032858192920685
train,cf-bpr,0.025917593389749527
train,cf-bpr,0.030644459649920464
train,cf-bpr,0.036759186536073685
train,cf-bpr,0.04015037417411804
train,cf-bpr,0.03550852835178375
train,cf-bpr,0.03499041125178337
train,cf-bpr,0.030779171735048294
train,cf-bpr,0.0453917495906353
train,cf-bpr,0.032548632472753525
train,cf-bpr,0.07575678825378418
train,cf-bpr,0.04395360127091408
train,cf-bpr,0.032565224915742874
train,cf-bpr,0.049658358097076416
train,cf-bpr,0.04470989853143692
train,cf-bpr,0.05834595859050751
train,cf-bpr,0.040819354355335236
train,cf-bpr,0.0332515612244606
train,cf-bpr,0.031028706580400467
train,cf-bpr,0.032587628811597824
train,cf-bpr,0.032754234969615936
train,cf-bpr,0.027729470282793045
train,cf-bpr,0.04274946078658104
train,cf-bpr,0.02878469228744507
train,cf-bpr,0.036553263664245605
train,cf-bpr,0.03058335930109024
train,cf-bpr,0.03601643443107605
train,cf-bpr,0.04582497477531433
train,cf-bpr,0.029215823858976364
train,cf-bpr,0.039203956723213196
train,cf-bpr,0.03418703004717827
train,cf-bpr,0.06795405596494675
train,cf-bpr,0.04258342459797859
train,cf-bpr,0.052624501287937164
train,cf-bpr,0.040011122822761536
train,cf-bpr,0.038811709731817245
train,cf-bpr,0.0359751395881176
train,cf-bpr,0.07008961588144302
train,cf-bpr,0.03585045412182808
train,cf-bpr,0.04706583917140961
train,cf-bpr,0.04333978891372681
train,cf-bpr,0.034192197024822235
train,cf-bpr,0.05500306189060211
train,cf-bpr,0.033732905983924866
train,cf-bpr,0.11653345078229904
train,cf-bpr,0.050551556050777435
train,cf-bpr,0.052542489022016525
train,cf-bpr,0.03462832793593407
train,cf-bpr,0.04643435776233673
train,cf-bpr,0.03736691176891327
train,cf-bpr,0.05699475482106209
train,cf-bpr,0.07909233123064041
train,cf-bpr,0.03481348976492882
train,cf-bpr,0.031781718134880066
train,cf-bpr,0.04778426140546799
train,cf-bpr,0.034745894372463226
train,cf-bpr,0.10776722431182861
train,cf-bpr,0.037427209317684174
train,cf-bpr,0.03454015031456947
train,cf-bpr,0.04341729357838631
train,cf-bpr,0.03358689323067665
train,cf-bpr,0.037132713943719864
train,cf-bpr,0.03843022510409355
train,cf-bpr,0.03296571597456932
train,cf-bpr,0.04574134945869446
train,cf-bpr,0.05282776802778244
train,cf-bpr,0.03985482454299927
train,cf-bpr,0.03831785172224045
train,cf-bpr,0.0324363186955452
train,cf-bpr,0.028123045340180397
train,cf-bpr,0.030174637213349342
train,cf-bpr,0.048359669744968414
train,cf-bpr,0.0465584471821785
train,cf-bpr,0.022499745711684227
train,cf-bpr,0.03937937691807747
train,cf-bpr,0.06338448822498322
train,cf-bpr,0.03410027176141739
train,cf-bpr,0.03783281892538071
train,cf-bpr,0.032082315534353256
train,cf-bpr,0.04084242135286331
train,cf-bpr,0.029336033388972282
train,cf-bpr,0.05065041780471802
train,cf-bpr,0.027547402307391167
train,cf-bpr,0.03437924385070801
train,cf-bpr,0.04427747055888176
train,cf-bpr,0.028425661846995354
train,cf-bpr,0.047633856534957886
train,cf-bpr,0.03967808932065964
train,cf-bpr,0.03381682187318802
train,cf-bpr,0.03954307734966278
train,cf-bpr,0.048441220074892044
train,cf-bpr,0.035926010459661484
train,cf-bpr,0.04041618853807449
train,cf-bpr,0.030988134443759918
train,cf-bpr,0.03453917056322098
train,cf-bpr,0.03366473689675331
train,cf-bpr,0.04442160949110985
train,cf-bpr,0.035352203994989395
train,cf-bpr,0.05218853801488876
train,cf-bpr,0.05144113302230835
train,cf-bpr,0.1216583400964737
train,cf-bpr,0.03874349966645241
train,cf-bpr,0.02904655598104
train,cf-bpr,0.04012833908200264
train,cf-bpr,0.02993685007095337
train,cf-bpr,0.030581645667552948
train,cf-bpr,0.050822217017412186
train,cf-bpr,0.0925256609916687
train,cf-bpr,0.039534471929073334
train,cf-bpr,0.030461514368653297
train,cf-bpr,0.04364228621125221
train,cf-bpr,0.0460241362452507
train,cf-bpr,0.029786020517349243
train,cf-bpr,0.04043150320649147
train,cf-bpr,0.04483424127101898
train,cf-bpr,0.03344208002090454
train,cf-bpr,0.039226070046424866
train,cf-bpr,0.03832793980836868
train,cf-bpr,0.03667392581701279
train,cf-bpr,0.03569420054554939
train,cf-bpr,0.08757764101028442
train,cf-bpr,0.038250166922807693
train,cf-bpr,0.04049628973007202
train,cf-bpr,0.04005562141537666
train,cf-bpr,0.026437463238835335
train,cf-bpr,0.051409702748060226
train,cf-bpr,0.03583851456642151
train,cf-bpr,0.03754569962620735
train,cf-bpr,0.0380910187959671
train,cf-bpr,0.03326759487390518
train,cf-bpr,0.038152649998664856
train,cf-bpr,0.03462309017777443
train,cf-bpr,0.06762717664241791
train,cf-bpr,0.03394095227122307
train,cf-bpr,0.050195734947919846
train,cf-bpr,0.034521907567977905
train,cf-bpr,0.035104792565107346
train,cf-bpr,0.07274382561445236
train,cf-bpr,0.034014664590358734
train,cf-bpr,0.04309018701314926
train,cf-bpr,0.042832206934690475
train,cf-bpr,0.032450273633003235
train,cf-bpr,0.038545798510313034
train,cf-bpr,0.03014911152422428
train,cf-bpr,0.05600231513381004
train,cf-bpr,0.05635829269886017
train,cf-bpr,0.030451340600848198
train,cf-bpr,0.033913854509592056
train,cf-bpr,0.026138806715607643
train,cf-bpr,0.03459952399134636
train,cf-bpr,0.0322674997150898
train,cf-bpr,0.04143645614385605
train,cf-bpr,0.036437731236219406
train,cf-bpr,0.03780680149793625
train,cf-bpr,0.029940040782094002
train,cf-bpr,0.044246431440114975
train,cf-bpr,0.039844196289777756
train,cf-bpr,0.02921016328036785
train,cf-bpr,0.03631749749183655
train,cf-bpr,0.0415063239634037
train,cf-bpr,0.03888987377285957
train,cf-bpr,0.03493987023830414
train,cf-bpr,0.029231758788228035
train,cf-bpr,0.03286458179354668
train,cf-bpr,0.03348804637789726
train,cf-bpr,0.040184132754802704
train,cf-bpr,0.05783296748995781
train,cf-bpr,0.05570605397224426
train,cf-bpr,0.04871443659067154
train,cf-bpr,0.028794819489121437
train,cf-bpr,0.0586622916162014
train,cf-bpr,0.0459708645939827
train,cf-bpr,0.04902549088001251
train,cf-bpr,0.03705843538045883
train,cf-bpr,0.04264692962169647
train,cf-bpr,0.03421325236558914
train,cf-bpr,0.028848374262452126
train,cf-bpr,0.032870881259441376
train,cf-bpr,0.02850211039185524
train,cf-bpr,0.02893931418657303
train,cf-bpr,0.03275575861334801
train,cf-bpr,0.036776114255189896
train,cf-bpr,0.033395152539014816
train,cf-bpr,0.029230870306491852
train,cf-bpr,0.03880508244037628
train,cf-bpr,0.044163815677165985
train,cf-bpr,0.039931707084178925
train,cf-bpr,0.041777193546295166
train,cf-bpr,0.05022834241390228
train,cf-bpr,0.026830008253455162
train,cf-bpr,0.036425914615392685
train,cf-bpr,0.036389559507369995
train,cf-bpr,0.027192097157239914
train,cf-bpr,0.03731892630457878
train,cf-bpr,0.041238512843847275
train,cf-bpr,0.04136493802070618
train,cf-bpr,0.05298284441232681
train,cf-bpr,0.0433218851685524
train,cf-bpr,0.032351914793252945
train,cf-bpr,0.03153742849826813
train,cf-bpr,0.054638829082250595
train,cf-bpr,0.042351312935352325
train,cf-bpr,0.03949321433901787
train,cf-bpr,0.03094571642577648
train,cf-bpr,0.05131972208619118
train,cf-bpr,0.04485104978084564
train,cf-bpr,0.04225023090839386
train,cf-bpr,0.03250580653548241
train,cf-bpr,0.021482734009623528
train,cf-bpr,0.03688356280326843
train,cf-bpr,0.04108726233243942
train,cf-bpr,0.043658774346113205
train,cf-bpr,0.03410127013921738
train,cf-bpr,0.04023454338312149
train,cf-bpr,0.03244501352310181
train,cf-bpr,0.033679574728012085
train,cf-bpr,0.031347211450338364
train,cf-bpr,0.04465368390083313
train,cf-bpr,0.050528865307569504
train,cf-bpr,0.031244944781064987
train,cf-bpr,0.051567744463682175
train,cf-bpr,0.036043453961610794
train,cf-bpr,0.026546543464064598
train,cf-bpr,0.030549408867955208
train,cf-bpr,0.03813456371426582
train,cf-bpr,0.03562150150537491
train,cf-bpr,0.07595302909612656
train,cf-bpr,0.03174934908747673
train,cf-bpr,0.058488450944423676
train,cf-bpr,0.046513330191373825
train,cf-bpr,0.02827209047973156
train,cf-bpr,0.05430302768945694
train,cf-bpr,0.05270965397357941
train,cf-bpr,0.02983492612838745
train,cf-bpr,0.044961102306842804
train,cf-bpr,0.03528764471411705
train,cf-bpr,0.044279150664806366
train,cf-bpr,0.03515975549817085
train,cf-bpr,0.033590447157621384
train,cf-bpr,0.044209759682416916
train,cf-bpr,0.029299436137080193
train,cf-bpr,0.0379524752497673
train,cf-bpr,0.06284943222999573
train,cf-bpr,0.03260952979326248
train,cf-bpr,0.030418088659644127
train,cf-bpr,0.03903660923242569
train,cf-bpr,0.05714976415038109
train,cf-bpr,0.04324273765087128
train,cf-bpr,0.0300915464758873
train,cf-bpr,0.04615821689367294
train,cf-bpr,0.04984696954488754
train,cf-bpr,0.04156132787466049
train,cf-bpr,0.03994458541274071
train,cf-bpr,0.03402316942811012
train,cf-bpr,0.04354094713926315
train,cf-bpr,0.05997707322239876
train,cf-bpr,0.025037018582224846
train,cf-bpr,0.027949810028076172
train,cf-bpr,0.04191442206501961
train,cf-bpr,0.03141198679804802
train,cf-bpr,0.04301898181438446
train,cf-bpr,0.038845472037792206
train,cf-bpr,0.030682263895869255
train,cf-bpr,0.04289707913994789
train,cf-bpr,0.02732611820101738
train,cf-bpr,0.04173798859119415
train,cf-bpr,0.03281979262828827
train,cf-bpr,0.04748695716261864
train,cf-bpr,0.026023762300610542
train,cf-bpr,0.048806484788656235
train,cf-bpr,0.02742895483970642
train,cf-bpr,0.039511989802122116
train,cf-bpr,0.02848593331873417
train,cf-bpr,0.04289104789495468
train,cf-bpr,0.03224148601293564
train,cf-bpr,0.0287921242415905
train,cf-bpr,0.04600466042757034
train,cf-bpr,0.03548363223671913
train,cf-bpr,0.045513883233070374
train,cf-bpr,0.034372370690107346
train,cf-bpr,0.03866694122552872
train,cf-bpr,0.033275436609983444
train,cf-bpr,0.047475047409534454
train,cf-bpr,0.04225975647568703
train,cf-bpr,0.043321628123521805
train,cf-bpr,0.04037325829267502
train,cf-bpr,0.05086856335401535
train,cf-bpr,0.028322691097855568
train,cf-bpr,0.034458570182323456
train,cf-bpr,0.05986964702606201
train,cf-bpr,0.0389140360057354
train,cf-bpr,0.04600934684276581
train,cf-bpr,0.033325616270303726
train,cf-bpr,0.036695580929517746
train,cf-bpr,0.031838349997997284
train,cf-bpr,0.03654346987605095
train,cf-bpr,0.053361937403678894
train,cf-bpr,0.029800625517964363
train,cf-bpr,0.0639810562133789
train,cf-bpr,0.08151210844516754
train,cf-bpr,0.04106925427913666
train,cf-bpr,0.044018760323524475
train,cf-bpr,0.039933864027261734
train,cf-bpr,0.03968243673443794
train,cf-bpr,0.027792004868388176
train,cf-bpr,0.041415464133024216
train,cf-bpr,0.03242684155702591
train,cf-bpr,0.032347630709409714
train,cf-bpr,0.02856564335525036
train,cf-bpr,0.04283330589532852
train,cf-bpr,0.04152486473321915
train,cf-bpr,0.04250279441475868
train,cf-bpr,0.029263973236083984
train,cf-bpr,0.03815433010458946
train,cf-bpr,0.03518614545464516
train,cf-bpr,0.03691771999001503
train,cf-bpr,0.0389305017888546
train,cf-bpr,0.045362066477537155
train,cf-bpr,0.03796841576695442
train,cf-bpr,0.03990938887000084
train,cf-bpr,0.031207527965307236
train,cf-bpr,0.04291944578289986
train,cf-bpr,0.09237223863601685
train,cf-bpr,0.04001583531498909
train,cf-bpr,0.03832201659679413
train,cf-bpr,0.04468826949596405
train,cf-bpr,0.03508150577545166
train,cf-bpr,0.029763545840978622
train,cf-bpr,0.029732245951890945
train,cf-bpr,0.04559783264994621
train,cf-bpr,0.04014568030834198
train,cf-bpr,0.05346551537513733
train,cf-bpr,0.042443156242370605
train,cf-bpr,0.03975082188844681
train,cf-bpr,0.031081197783350945
train,cf-bpr,0.03315899521112442
train,cf-bpr,0.04115662723779678
train,cf-bpr,0.1279696822166443
train,cf-bpr,0.029667887836694717
train,cf-bpr,0.03442016616463661
train,cf-bpr,0.028970200568437576
train,cf-bpr,0.04725244641304016
train,cf-bpr,0.0335150770843029
train,cf-bpr,0.036927808076143265
train,cf-bpr,0.02668871358036995
train,cf-bpr,0.038191139698028564
train,cf-bpr,0.03969859704375267
train,cf-bpr,0.03707921504974365
train,cf-bpr,0.036784373223781586
train,cf-bpr,0.029755160212516785
train,cf-bpr,0.052458565682172775
train,cf-bpr,0.028489084914326668
train,cf-bpr,0.03422010689973831
train,cf-bpr,0.04428805038332939
train,cf-bpr,0.06423445791006088
train,cf-bpr,0.03415616974234581
train,cf-bpr,0.03527471423149109
train,cf-bpr,0.03470257669687271
train,cf-bpr,0.034373342990875244
train,cf-bpr,0.051620371639728546
train,cf-bpr,0.041916340589523315
train,cf-bpr,0.03770168125629425
train,cf-bpr,0.040645018219947815
train,cf-bpr,0.037405893206596375
train,cf-bpr,0.04194200411438942
train,cf-bpr,0.052048228681087494
train,cf-bpr,0.041610341519117355
train,cf-bpr,0.027234841138124466
train,cf-bpr,0.03193272277712822
train,cf-bpr,0.032173216342926025
train,cf-bpr,0.030605055391788483
train,cf-bpr,0.04139893874526024
train,cf-bpr,0.04563560709357262
train,cf-bpr,0.04803287982940674
train,cf-bpr,0.048056039959192276
train,cf-bpr,0.05685912072658539
train,cf-bpr,0.02831115946173668
train,cf-bpr,0.029243027791380882
train,cf-bpr,0.03249521926045418
train,cf-bpr,0.03985929116606712
train,cf-bpr,0.03106512501835823
train,cf-bpr,0.042838770896196365
train,cf-bpr,0.041266076266765594
train,cf-bpr,0.03222846984863281
train,cf-bpr,0.05346138775348663
train,cf-bpr,0.039400771260261536
train,cf-bpr,0.0376683734357357
train,cf-bpr,0.036562107503414154
train,cf-bpr,0.039363935589790344
train,cf-bpr,0.029818935319781303
train,cf-bpr,0.06199871376156807
train,cf-bpr,0.02651057206094265
train,cf-bpr,0.062208812683820724
train,cf-bpr,0.04436785727739334
train,cf-bpr,0.02880149893462658
train,cf-bpr,0.031903043389320374
train,cf-bpr,0.06360921263694763
train,cf-bpr,0.03750070556998253
train,cf-bpr,0.03092615120112896
train,cf-bpr,0.0343843437731266
train,cf-bpr,0.035702407360076904
train,cf-bpr,0.031678106635808945
train,cf-bpr,0.03505008667707443
train,cf-bpr,0.04907791689038277
train,cf-bpr,0.03597633168101311
train,cf-bpr,0.039188604801893234
train,cf-bpr,0.03474145755171776
train,cf-bpr,0.032076820731163025
train,cf-bpr,0.045035265386104584
train,cf-bpr,0.037559304386377335
train,cf-bpr,0.029768727719783783
train,cf-bpr,0.035164810717105865
train,cf-bpr,0.030753834173083305
train,cf-bpr,0.03407033160328865
train,cf-bpr,0.041002463549375534
train,cf-bpr,0.03860188648104668
train,cf-bpr,0.05644703283905983
train,cf-bpr,0.031214892864227295
train,cf-bpr,0.04761725291609764
train,cf-bpr,0.031755149364471436
train,cf-bpr,0.04015965387225151
train,cf-bpr,0.038990288972854614
train,cf-bpr,0.04883897304534912
train,cf-bpr,0.04545401781797409
train,cf-bpr,0.04583747312426567
train,cf-bpr,0.03948385640978813
train,cf-bpr,0.037826940417289734
train,cf-bpr,0.041090670973062515
train,cf-bpr,0.03744014725089073
train,cf-bpr,0.027996918186545372
train,cf-bpr,0.03843558207154274
train,cf-bpr,0.04000687599182129
train,cf-bpr,0.09921424090862274
train,cf-bpr,0.030207419767975807
train,cf-bpr,0.031259935349226
train,cf-bpr,0.042570680379867554
train,cf-bpr,0.046801693737506866
train,cf-bpr,0.03554561361670494
train,cf-bpr,0.07207894325256348
train,cf-bpr,0.05526600033044815
train,cf-bpr,0.028274502605199814
train,cf-bpr,0.031391359865665436
train,cf-bpr,0.028696546331048012
train,cf-bpr,0.02866758033633232
train,cf-bpr,0.10209158807992935
train,cf-bpr,0.044560469686985016
train,cf-bpr,0.032647471874952316
train,cf-bpr,0.035161759704351425
train,cf-bpr,0.10241714119911194
train,cf-bpr,0.03867711126804352
train,cf-bpr,0.03957359120249748
train,cf-bpr,0.026697199791669846
train,cf-bpr,0.047647275030612946
train,cf-bpr,0.03215190768241882
train,cf-bpr,0.042001064866781235
train,cf-bpr,0.03832821547985077
train,cf-bpr,0.046490829437971115
train,cf-bpr,0.04892215132713318
train,cf-bpr,0.04808153212070465
train,cf-bpr,0.03758193179965019
train,cf-bpr,0.052213385701179504
train,cf-bpr,0.028853612020611763
train,cf-bpr,0.04314865544438362
train,cf-bpr,0.03324088454246521
train,cf-bpr,0.03829755634069443
train,cf-bpr,0.03851925581693649
train,cf-bpr,0.03850921243429184
train,cf-bpr,0.03344506770372391
train,cf-bpr,0.033227335661649704
train,cf-bpr,0.0403577983379364
train,cf-bpr,0.03974458947777748
train,cf-bpr,0.056660085916519165
train,cf-bpr,0.03264067322015762
train,cf-bpr,0.0355076864361763
train,cf-bpr,0.044701915234327316
train,cf-bpr,0.0458960197865963
train,cf-bpr,0.043459225445985794
train,cf-bpr,0.0372714139521122
train,cf-bpr,0.03488486260175705
train,cf-bpr,0.024202313274145126
train,cf-bpr,0.05021774768829346
train,cf-bpr,0.037297558039426804
train,cf-bpr,0.09279400110244751
train,cf-bpr,0.03543699160218239
train,cf-bpr,0.029690764844417572
train,cf-bpr,0.040335237979888916
train,cf-bpr,0.03859148547053337
train,cf-bpr,0.04783540964126587
train,cf-bpr,0.034779325127601624
train,cf-bpr,0.035838644951581955
train,cf-bpr,0.029752369970083237
train,cf-bpr,0.03029634989798069
train,cf-bpr,0.039635706692934036
train,cf-bpr,0.052742764353752136
train,cf-bpr,0.030300339683890343
train,cf-bpr,0.032404087483882904
train,cf-bpr,0.03384757414460182
train,cf-bpr,0.03247423842549324
train,cf-bpr,0.031151652336120605
train,cf-bpr,0.02508201077580452
train,cf-bpr,0.04247678443789482
train,cf-bpr,0.03993724286556244
train,cf-bpr,0.03320533409714699
train,cf-bpr,0.043655410408973694
train,cf-bpr,0.03809226304292679
train,cf-bpr,0.028003862127661705
train,cf-bpr,0.03084420971572399
train,cf-bpr,0.03642674908041954
train,cf-bpr,0.02810044214129448
train,cf-bpr,0.03151773661375046
train,cf-bpr,0.05377197265625
train,cf-bpr,0.04726553335785866
train,cf-bpr,0.02596432901918888
train,cf-bpr,0.03622528165578842
train,cf-bpr,0.03786879777908325
train,cf-bpr,0.036960162222385406
train,cf-bpr,0.026497380807995796
train,cf-bpr,0.05625772476196289
train,cf-bpr,0.03333928436040878
train,cf-bpr,0.05101260915398598
train,cf-bpr,0.03584477677941322
train,cf-bpr,0.03706274926662445
train,cf-bpr,0.041183993220329285
train,cf-bpr,0.03866551071405411
train,cf-bpr,0.04547444358468056
train,cf-bpr,0.043751563876867294
train,cf-bpr,0.033018261194229126
train,cf-bpr,0.042790044099092484
train,cf-bpr,0.032823484390974045
train,cf-bpr,0.045730315148830414
train,cf-bpr,0.0462135374546051
train,cf-bpr,0.044643525034189224
train,cf-bpr,0.03544425964355469
train,cf-bpr,0.03696683421730995
train,cf-bpr,0.06057639420032501
train,cf-bpr,0.032361920922994614
train,cf-bpr,0.03303913399577141
train,cf-bpr,0.048167694360017776
train,cf-bpr,0.04749349504709244
train,cf-bpr,0.042451776564121246
train,cf-bpr,0.034659143537282944
train,cf-bpr,0.04063478857278824
train,cf-bpr,0.036275774240493774
train,cf-bpr,0.03459329530596733
train,cf-bpr,0.0365108959376812
train,cf-bpr,0.04013894125819206
train,cf-bpr,0.037065766751766205
train,cf-bpr,0.028422769159078598
train,cf-bpr,0.04414725676178932
train,cf-bpr,0.04534229263663292
train,cf-bpr,0.039198365062475204
train,cf-bpr,0.04379384219646454
train,cf-bpr,0.03741152212023735
train,cf-bpr,0.05386992543935776
train,cf-bpr,0.04431925341486931
train,cf-bpr,0.04042205214500427
train,cf-bpr,0.0378890298306942
train,cf-bpr,0.031378358602523804
train,cf-bpr,0.03234970197081566
train,cf-bpr,0.045793596655130386
train,cf-bpr,0.028858570381999016
train,cf-bpr,0.028306934982538223
train,cf-bpr,0.031049787998199463
train,cf-bpr,0.0475677065551281
train,cf-bpr,0.02824142761528492
train,cf-bpr,0.07464879006147385
train,cf-bpr,0.03534163162112236
train,cf-bpr,0.03366714343428612
train,cf-bpr,0.04170824587345123
train,cf-bpr,0.06452420353889465
train,cf-bpr,0.040065232664346695
train,cf-bpr,0.044525932520627975
train,cf-bpr,0.03613722324371338
train,cf-bpr,0.03610190749168396
train,cf-bpr,0.028516724705696106
train,cf-bpr,0.029787978157401085
train,cf-bpr,0.04284633323550224
train,cf-bpr,0.029895732179284096
train,cf-bpr,0.03826168179512024
train,cf-bpr,0.04573791101574898
train,cf-bpr,0.03648573160171509
train,cf-bpr,0.038165412843227386
train,cf-bpr,0.05044218897819519
train,cf-bpr,0.04306131601333618
train,cf-bpr,0.04640410095453262
train,cf-bpr,0.040938764810562134
train,cf-bpr,0.03793249651789665
train,cf-bpr,0.034720756113529205
train,cf-bpr,0.05097244679927826
train,cf-bpr,0.03105979785323143
train,cf-bpr,0.03272959962487221
train,cf-bpr,0.03399842977523804
train,cf-bpr,0.04233619570732117
train,cf-bpr,0.030217645689845085
train,cf-bpr,0.028186237439513206
train,cf-bpr,0.03352203220129013
train,cf-bpr,0.033453553915023804
train,cf-bpr,0.037833746522665024
train,cf-bpr,0.054691363126039505
train,cf-bpr,0.028099188581109047
train,cf-bpr,0.04113416373729706
train,cf-bpr,0.02988385781645775
train,cf-bpr,0.025403885170817375
train,cf-bpr,0.04323970898985863
train,cf-bpr,0.04837623983621597
train,cf-bpr,0.04022836312651634
train,cf-bpr,0.04549786075949669
train,cf-bpr,0.03358227387070656
train,cf-bpr,0.027229322120547295
train,cf-bpr,0.07147087156772614
train,cf-bpr,0.03725781291723251
train,cf-bpr,0.08641503006219864
train,cf-bpr,0.030054066330194473
train,cf-bpr,0.04305025190114975
train,cf-bpr,0.03595729544758797
train,cf-bpr,0.035831768065690994
train,cf-bpr,0.033422328531742096
train,cf-bpr,0.05706987902522087
train,cf-bpr,0.029492851346731186
train,cf-bpr,0.034091055393218994
train,cf-bpr,0.041189324110746384
train,cf-bpr,0.031269967555999756
train,cf-bpr,0.03235302492976189
train,cf-bpr,0.03333868458867073
train,cf-bpr,0.04764051362872124
train,cf-bpr,0.034752991050481796
train,cf-bpr,0.041619256138801575
train,cf-bpr,0.03153868019580841
train,cf-bpr,0.07804207503795624
train,cf-bpr,0.04884881153702736
train,cf-bpr,0.034691281616687775
train,cf-bpr,0.02677120454609394
train,cf-bpr,0.04637567326426506
train,cf-bpr,0.04002847149968147
train,cf-bpr,0.029259679839015007
train,cf-bpr,0.04382128641009331
train,cf-bpr,0.05868515744805336
train,cf-bpr,0.035923030227422714
train,cf-bpr,0.0375865213572979
train,cf-bpr,0.030672147870063782
train,cf-bpr,0.03189501911401749
train,cf-bpr,0.040610313415527344
train,cf-bpr,0.028657130897045135
train,cf-bpr,0.03018355555832386
train,cf-bpr,0.03872881829738617
train,cf-bpr,0.036050472408533096
train,cf-bpr,0.03347211703658104
train,cf-bpr,0.030756697058677673
train,cf-bpr,0.030381647869944572
train,cf-bpr,0.04861369729042053
train,cf-bpr,0.03560391440987587
train,cf-bpr,0.061358965933322906
train,cf-bpr,0.029792796820402145
train,cf-bpr,0.03102985955774784
train,cf-bpr,0.04855573549866676
train,cf-bpr,0.051977455615997314
train,cf-bpr,0.03626878187060356
train,cf-bpr,0.03700849413871765
train,cf-bpr,0.051020849496126175
train,cf-bpr,0.03199993818998337
train,cf-bpr,0.04507705196738243
train,cf-bpr,0.05021287500858307
train,cf-bpr,0.023484326899051666
train,cf-bpr,0.06713511049747467
train,cf-bpr,0.0629352554678917
train,cf-bpr,0.04665394499897957
train,cf-bpr,0.03432323783636093
train,cf-bpr,0.036704789847135544
train,cf-bpr,0.025049304589629173
train,cf-bpr,0.029520191252231598
train,cf-bpr,0.03960205614566803
train,cf-bpr,0.04152553901076317
train,cf-bpr,0.03655582293868065
train,cf-bpr,0.03997848555445671
train,cf-bpr,0.03358890116214752
train,cf-bpr,0.04194231703877449
train,cf-bpr,0.06920480728149414
train,cf-bpr,0.03245209902524948
train,cf-bpr,0.04165256395936012
train,cf-bpr,0.03409411385655403
train,cf-bpr,0.028169723227620125
train,cf-bpr,0.03449394553899765
train,cf-bpr,0.031226487830281258
train,cf-bpr,0.04836736619472504
train,cf-bpr,0.03140678256750107
train,cf-bpr,0.03829290345311165
train,cf-bpr,0.026445025578141212
train,cf-bpr,0.035239387303590775
train,cf-bpr,0.03321490436792374
train,cf-bpr,0.0538380928337574
train,cf-bpr,0.05546149984002113
train,cf-bpr,0.028519578278064728
train,cf-bpr,0.025946656242012978
train,cf-bpr,0.05110955610871315
train,cf-bpr,0.03582248464226723
train,cf-bpr,0.0609101876616478
train,cf-bpr,0.041094206273555756
train,cf-bpr,0.02887219376862049
train,cf-bpr,0.03696969151496887
train,cf-bpr,0.030798152089118958
train,cf-bpr,0.03546028956770897
train,cf-bpr,0.04785432294011116
train,cf-bpr,0.026313981041312218
train,cf-bpr,0.031233323737978935
train,cf-bpr,0.04322719946503639
train,cf-bpr,0.03318918123841286
train,cf-bpr,0.03920869901776314
train,cf-bpr,0.03231103718280792
train,cf-bpr,0.038399793207645416
train,cf-bpr,0.03835735470056534
train,cf-bpr,0.07563593983650208
train,cf-bpr,0.03542928397655487
train,cf-bpr,0.03983331471681595
train,cf-bpr,0.02733241207897663
train,cf-bpr,0.04419814050197601
train,cf-bpr,0.037585847079753876
train,cf-bpr,0.038230132311582565
train,cf-bpr,0.03626686707139015
train,cf-bpr,0.05491740256547928
train,cf-bpr,0.029494857415556908
train,cf-bpr,0.030186424031853676
train,cf-bpr,0.03576835244894028
train,cf-bpr,0.03380535915493965
train,cf-bpr,0.028959117829799652
train,cf-bpr,0.03466741740703583
train,cf-bpr,0.03901350870728493
train,cf-bpr,0.03367331996560097
train,cf-bpr,0.032742638140916824
train,cf-bpr,0.029106836766004562
train,cf-bpr,0.03572442755103111
train,cf-bpr,0.031155899167060852
train,cf-bpr,0.03406688570976257
train,cf-bpr,0.025988740846514702
train,cf-bpr,0.04548073559999466
train,cf-bpr,0.04471451789140701
train,cf-bpr,0.05236848071217537
train,cf-bpr,0.03359575197100639
train,cf-bpr,0.04407232254743576
train,cf-bpr,0.02649705484509468
train,cf-bpr,0.04437294229865074
train,cf-bpr,0.05511900782585144
train,cf-bpr,0.02300969511270523
train,cf-bpr,0.027494018897414207
train,cf-bpr,0.03292194753885269
train,cf-bpr,0.04470245540142059
train,cf-bpr,0.03064071759581566
train,cf-bpr,0.04195632413029671
train,cf-bpr,0.039964932948350906
train,cf-bpr,0.04227309674024582
train,cf-bpr,0.056794922798871994
train,cf-bpr,0.037872813642024994
train,cf-bpr,0.03982134908437729
train,cf-bpr,0.028509680181741714
train,cf-bpr,0.040625620633363724
train,cf-bpr,0.03636221960186958
train,cf-bpr,0.04750325158238411
train,cf-bpr,0.05894475802779198
train,cf-bpr,0.03333606198430061
train,cf-bpr,0.031909115612506866
train,cf-bpr,0.04051810875535011
train,cf-bpr,0.038075681775808334
train,cf-bpr,0.0395519845187664
train,cf-bpr,0.02949405089020729
train,cf-bpr,0.08363168686628342
train,cf-bpr,0.03313475102186203
train,cf-bpr,0.023134689778089523
train,cf-bpr,0.04300380498170853
train,cf-bpr,0.04023011401295662
train,cf-bpr,0.04309765249490738
train,cf-bpr,0.03624943271279335
train,cf-bpr,0.040873751044273376
train,cf-bpr,0.03027881681919098
train,cf-bpr,0.04256480559706688
train,cf-bpr,0.035156503319740295
train,cf-bpr,0.034147508442401886
train,cf-bpr,0.034381330013275146
train,cf-bpr,0.04036824405193329
train,cf-bpr,0.08813899755477905
train,cf-bpr,0.024422569200396538
train,cf-bpr,0.043018218129873276
train,cf-bpr,0.03024432435631752
train,cf-bpr,0.04142487421631813
train,cf-bpr,0.02690774016082287
train,cf-bpr,0.0510629341006279
train,cf-bpr,0.03265288472175598
train,cf-bpr,0.04674229770898819
train,cf-bpr,0.03934504836797714
train,cf-bpr,0.041282765567302704
train,cf-bpr,0.04398811236023903
train,cf-bpr,0.03946732357144356
train,cf-bpr,0.028794828802347183
train,cf-bpr,0.04381502792239189
train,cf-bpr,0.03318672254681587
train,cf-bpr,0.04476732015609741
train,cf-bpr,0.026763463392853737
train,cf-bpr,0.034432895481586456
train,cf-bpr,0.03323499113321304
train,cf-bpr,0.034719258546829224
train,cf-bpr,0.03554048761725426
train,cf-bpr,0.040619947016239166
train,cf-bpr,0.0876900777220726
train,cf-bpr,0.04023505747318268
train,cf-bpr,0.033685337752103806
train,cf-bpr,0.036916229873895645
train,cf-bpr,0.04262026026844978
train,cf-bpr,0.03830080106854439
train,cf-bpr,0.07987476140260696
train,cf-bpr,0.03969378024339676
train,cf-bpr,0.036016833037137985
train,cf-bpr,0.03724271059036255
train,cf-bpr,0.057140640914440155
train,cf-bpr,0.04169473797082901
train,cf-bpr,0.033517707139253616
train,cf-bpr,0.05161578580737114
train,cf-bpr,0.0431646853685379
train,cf-bpr,0.03424900025129318
train,cf-bpr,0.028515497222542763
train,cf-bpr,0.04394917190074921
train,cf-bpr,0.07882998138666153
train,cf-bpr,0.053941335529088974
train,cf-bpr,0.03211914002895355
train,cf-bpr,0.040793053805828094
train,cf-bpr,0.0311196967959404
train,cf-bpr,0.0372425876557827
train,cf-bpr,0.031218748539686203
train,cf-bpr,0.03624223917722702
train,cf-bpr,0.04694003984332085
train,cf-bpr,0.051419779658317566
train,cf-bpr,0.03497515618801117
train,cf-bpr,0.03253910318017006
train,cf-bpr,0.03408551216125488
train,cf-bpr,0.03197893127799034
train,cf-bpr,0.03812802582979202
train,cf-bpr,0.03480328992009163
train,cf-bpr,0.04130517318844795
train,cf-bpr,0.02651316300034523
train,cf-bpr,0.04502385854721069
train,cf-bpr,0.037044111639261246
train,cf-bpr,0.050215695053339005
train,cf-bpr,0.03258597478270531
train,cf-bpr,0.03849131613969803
train,cf-bpr,0.04611505940556526
train,cf-bpr,0.02852904237806797
train,cf-bpr,0.032106466591358185
train,cf-bpr,0.03297078236937523
train,cf-bpr,0.03598152846097946
train,cf-bpr,0.02462678588926792
train,cf-bpr,0.03409657999873161
train,cf-bpr,0.05121050402522087
train,cf-bpr,0.03495310619473457
train,cf-bpr,0.03663242980837822
train,cf-bpr,0.07422591745853424
train,cf-bpr,0.037500377744436264
train,cf-bpr,0.04318496584892273
train,cf-bpr,0.05236382409930229
train,cf-bpr,0.039563775062561035
train,cf-bpr,0.0243595689535141
train,cf-bpr,0.04597470164299011
train,cf-bpr,0.03708256036043167
train,cf-bpr,0.0430322103202343
train,cf-bpr,0.036050863564014435
train,cf-bpr,0.04214410111308098
train,cf-bpr,0.04010569304227829
train,cf-bpr,0.03516634181141853
train,cf-bpr,0.03687790781259537
train,cf-bpr,0.02766474336385727
train,cf-bpr,0.03477669507265091
train,cf-bpr,0.039890166372060776
train,cf-bpr,0.036435697227716446
train,cf-bpr,0.03554331883788109
train,cf-bpr,0.07012176513671875
train,cf-bpr,0.03233148530125618
train,cf-bpr,0.04011261463165283
train,cf-bpr,0.03161545842885971
train,cf-bpr,0.03371940180659294
train,cf-bpr,0.032166361808776855
train,cf-bpr,0.04414854198694229
train,cf-bpr,0.03576941415667534
train,cf-bpr,0.038665350526571274
train,cf-bpr,0.0351082906126976
train,cf-bpr,0.03395390138030052
train,cf-bpr,0.027724329382181168
train,cf-bpr,0.029373865574598312
train,cf-bpr,0.034195080399513245
train,cf-bpr,0.03645000979304314
train,cf-bpr,0.030981631949543953
train,cf-bpr,0.048563580960035324
train,cf-bpr,0.029734943062067032
train,cf-bpr,0.03029477782547474
train,cf-bpr,0.03715648874640465
train,cf-bpr,0.04459622874855995
train,cf-bpr,0.030165808275341988
train,cf-bpr,0.03915708512067795
train,cf-bpr,0.03761792555451393
train,cf-bpr,0.05370016023516655
train,cf-bpr,0.04097286984324455
train,cf-bpr,0.04163145273923874
train,cf-bpr,0.06114889308810234
train,cf-bpr,0.04084422439336777
train,cf-bpr,0.05293792858719826
train,cf-bpr,0.03771717846393585
train,cf-bpr,0.039506155997514725
train,cf-bpr,0.028789756819605827
train,cf-bpr,0.03496317192912102
train,cf-bpr,0.042183712124824524
train,cf-bpr,0.0595523826777935
train,cf-bpr,0.03102913685142994
train,cf-bpr,0.038822147995233536
train,cf-bpr,0.038832347840070724
train,cf-bpr,0.036038946360349655
train,cf-bpr,0.04511011019349098
train,cf-bpr,0.062888003885746
train,cf-bpr,0.04522666335105896
train,cf-bpr,0.09517427533864975
train,cf-bpr,0.040508173406124115
train,cf-bpr,0.046498335897922516
train,cf-bpr,0.04305800795555115
train,cf-bpr,0.05533931404352188
train,cf-bpr,0.03205258026719093
train,cf-bpr,0.04070410877466202
train,cf-bpr,0.03551606088876724
train,cf-bpr,0.037286996841430664
train,cf-bpr,0.03845539316534996
train,cf-bpr,0.02690453641116619
train,cf-bpr,0.03454531729221344
train,cf-bpr,0.04349235072731972
train,cf-bpr,0.03385137766599655
train,cf-bpr,0.05049396678805351
train,cf-bpr,0.026466533541679382
train,cf-bpr,0.03744357451796532
train,cf-bpr,0.031938519328832626
train,cf-bpr,0.033058904111385345
train,cf-bpr,0.04444190859794617
train,cf-bpr,0.07283863425254822
train,cf-bpr,0.04152208939194679
train,cf-bpr,0.03007795661687851
train,cf-bpr,0.04777432978153229
train,cf-bpr,0.040463048964738846
train,cf-bpr,0.03240286186337471
train,cf-bpr,0.031042950227856636
train,cf-bpr,0.03301422670483589
train,cf-bpr,0.030126964673399925
train,cf-bpr,0.025688739493489265
train,cf-bpr,0.05584963038563728
train,cf-bpr,0.030026711523532867
train,cf-bpr,0.030512744560837746
train,cf-bpr,0.04766952991485596
train,cf-bpr,0.03087841533124447
train,cf-bpr,0.05824603512883186
train,cf-bpr,0.04551219567656517
train,cf-bpr,0.03085288032889366
train,cf-bpr,0.043087977916002274
train,cf-bpr,0.031021203845739365
train,cf-bpr,0.028349749743938446
train,cf-bpr,0.03040922060608864
train,cf-bpr,0.029373761266469955
train,cf-bpr,0.030617499724030495
train,cf-bpr,0.0383620522916317
train,cf-bpr,0.034281354397535324
train,cf-bpr,0.03771822154521942
train,cf-bpr,0.07205938547849655
train,cf-bpr,0.031084813177585602
train,cf-bpr,0.05099352449178696
train,cf-bpr,0.03431060537695885
train,cf-bpr,0.031291790306568146
train,cf-bpr,0.053460072726011276
train,cf-bpr,0.03839961066842079
train,cf-bpr,0.053059425204992294
train,cf-bpr,0.04350198060274124
train,cf-bpr,0.04770088195800781
train,cf-bpr,0.03452157601714134
train,cf-bpr,0.031003741547465324
train,cf-bpr,0.03162602335214615
train,cf-bpr,0.036936551332473755
train,cf-bpr,0.031980738043785095
train,cf-bpr,0.04134001210331917
train,cf-bpr,0.04320429265499115
train,cf-bpr,0.05362972244620323
train,cf-bpr,0.03592342510819435
train,cf-bpr,0.038708701729774475
train,cf-bpr,0.030643269419670105
train,cf-bpr,0.03176787123084068
train,cf-bpr,0.026943592354655266
train,cf-bpr,0.03648220747709274
train,cf-bpr,0.03414035588502884
train,cf-bpr,0.03551889955997467
train,cf-bpr,0.033638328313827515
train,cf-bpr,0.031019244343042374
train,cf-bpr,0.040689677000045776
train,cf-bpr,0.030429523438215256
train,cf-bpr,0.0705789178609848
train,cf-bpr,0.03765163570642471
train,cf-bpr,0.038478996604681015
train,cf-bpr,0.03115343488752842
train,cf-bpr,0.031745173037052155
train,cf-bpr,0.032107528299093246
train,cf-bpr,0.03848070651292801
train,cf-bpr,0.028452426195144653
train,cf-bpr,0.04207301139831543
train,cf-bpr,0.0401076041162014
train,cf-bpr,0.04264864698052406
train,cf-bpr,0.03849896043539047
train,cf-bpr,0.06317126005887985
train,cf-bpr,0.05183539167046547
train,cf-bpr,0.03586249798536301
train,cf-bpr,0.025879452005028725
train,cf-bpr,0.04686081036925316
train,cf-bpr,0.04717104509472847
train,cf-bpr,0.03489602729678154
train,cf-bpr,0.029179349541664124
train,cf-bpr,0.028567373752593994
train,cf-bpr,0.024669703096151352
train,cf-bpr,0.02565719187259674
train,cf-bpr,0.04992859065532684
train,cf-bpr,0.04365922510623932
train,cf-bpr,0.06487815827131271
train,cf-bpr,0.03952287137508392
train,cf-bpr,0.044410448521375656
train,cf-bpr,0.04052245244383812
train,cf-bpr,0.04047907516360283
train,cf-bpr,0.05071912333369255
train,cf-bpr,0.025029776617884636
train,cf-bpr,0.04618009552359581
train,cf-bpr,0.03312202915549278
train,cf-bpr,0.0339970700442791
train,cf-bpr,0.03921480104327202
train,cf-bpr,0.02861507423222065
train,cf-bpr,0.0334535650908947
train,cf-bpr,0.03990938887000084
train,cf-bpr,0.05286962538957596
train,cf-bpr,0.04059725999832153
train,cf-bpr,0.035549771040678024
train,cf-bpr,0.03914598375558853
train,cf-bpr,0.05073118209838867
train,cf-bpr,0.04211648181080818
train,cf-bpr,0.054417409002780914
train,cf-bpr,0.04860002547502518
train,cf-bpr,0.037789322435855865
train,cf-bpr,0.03555908799171448
train,cf-bpr,0.029754983261227608
train,cf-bpr,0.03230715170502663
train,cf-bpr,0.030170205980539322
train,cf-bpr,0.026676157489418983
train,cf-bpr,0.05697546899318695
train,cf-bpr,0.0344175286591053
train,cf-bpr,0.03330617398023605
train,cf-bpr,0.032997798174619675
train,cf-bpr,0.04213879629969597
train,cf-bpr,0.06987165659666061
train,cf-bpr,0.10187388211488724
train,cf-bpr,0.031310293823480606
train,cf-bpr,0.03837364539504051
train,cf-bpr,0.03527694568037987
train,cf-bpr,0.03766210749745369
train,cf-bpr,0.07034116238355637
train,cf-bpr,0.026523811742663383
train,cf-bpr,0.03958049416542053
train,cf-bpr,0.027887530624866486
train,cf-bpr,0.034882161766290665
train,cf-bpr,0.03488337993621826
train,cf-bpr,0.041251711547374725
train,cf-bpr,0.05526939406991005
train,cf-bpr,0.038808297365903854
train,cf-bpr,0.039947882294654846
train,cf-bpr,0.03588169813156128
train,cf-bpr,0.0340396873652935
train,cf-bpr,0.05018945038318634
train,cf-bpr,0.05334809422492981
train,cf-bpr,0.03131585195660591
train,cf-bpr,0.04804276302456856
train,cf-bpr,0.033873945474624634
train,cf-bpr,0.03515229374170303
train,cf-bpr,0.04151851683855057
train,cf-bpr,0.044037237763404846
train,cf-bpr,0.036827925592660904
train,cf-bpr,0.03627501800656319
train,cf-bpr,0.0358872152864933
train,cf-bpr,0.03311508893966675
train,cf-bpr,0.037240881472826004
train,cf-bpr,0.03431575372815132
train,cf-bpr,0.029756024479866028
train,cf-bpr,0.03266547992825508
train,cf-bpr,0.054860539734363556
train,cf-bpr,0.033678267151117325
train,cf-bpr,0.04305793717503548
train,cf-bpr,0.04310799762606621
train,cf-bpr,0.04923243075609207
train,cf-bpr,0.037053897976875305
train,cf-bpr,0.03964819014072418
train,cf-bpr,0.045650381594896317
train,cf-bpr,0.04366402328014374
train,cf-bpr,0.039653513580560684
train,cf-bpr,0.03939581662416458
train,cf-bpr,0.04774096980690956
train,cf-bpr,0.033264122903347015
train,cf-bpr,0.03903486207127571
train,cf-bpr,0.03906457498669624
train,cf-bpr,0.033632542937994
train,cf-bpr,0.03798627108335495
train,cf-bpr,0.030955936759710312
train,cf-bpr,0.04062085226178169
train,cf-bpr,0.033947430551052094
train,cf-bpr,0.029862945899367332
train,cf-bpr,0.03289736434817314
train,cf-bpr,0.033452752977609634
train,cf-bpr,0.037099916487932205
train,cf-bpr,0.038639865815639496
train,cf-bpr,0.03103775717318058
train,cf-bpr,0.03360481187701225
train,cf-bpr,0.03421836346387863
train,cf-bpr,0.037023045122623444
train,cf-bpr,0.04848012328147888
train,cf-bpr,0.03435477614402771
train,cf-bpr,0.04583347588777542
train,cf-bpr,0.030264385044574738
train,cf-bpr,0.04424399137496948
train,cf-bpr,0.037391163408756256
train,cf-bpr,0.03883882984519005
train,cf-bpr,0.036736760288476944
train,cf-bpr,0.05589340627193451
train,cf-bpr,0.036929599940776825
train,cf-bpr,0.025873370468616486
train,cf-bpr,0.03705797716975212
train,cf-bpr,0.04046985134482384
train,cf-bpr,0.039423663169145584
train,cf-bpr,0.04553813859820366
train,cf-bpr,0.03260592743754387
train,cf-bpr,0.04361862316727638
train,cf-bpr,0.03374999761581421
train,cf-bpr,0.037841957062482834
train,cf-bpr,0.029725192114710808
train,cf-bpr,0.04407377913594246
train,cf-bpr,0.046394478529691696
train,cf-bpr,0.027430661022663116
train,cf-bpr,0.043152790516614914
train,cf-bpr,0.04450373724102974
train,cf-bpr,0.03053533285856247
train,cf-bpr,0.037905361503362656
train,cf-bpr,0.0351480208337307
train,cf-bpr,0.032215654850006104
train,cf-bpr,0.034701671451330185
train,cf-bpr,0.044549714773893356
train,cf-bpr,0.04250626638531685
train,cf-bpr,0.05033359304070473
train,cf-bpr,0.04002911224961281
train,cf-bpr,0.09109099209308624
train,cf-bpr,0.03457317501306534
train,cf-bpr,0.03965899348258972
train,cf-bpr,0.03659677878022194
train,cf-bpr,0.03332429379224777
train,cf-bpr,0.051823463290929794
train,cf-bpr,0.04414447024464607
train,cf-bpr,0.03477964177727699
train,cf-bpr,0.031923457980155945
train,cf-bpr,0.03393120318651199
train,cf-bpr,0.03956586495041847
train,cf-bpr,0.044643599539995193
train,cf-bpr,0.039399709552526474
train,cf-bpr,0.03892654553055763
train,cf-bpr,0.04283544421195984
train,cf-bpr,0.0560549832880497
train,cf-bpr,0.032943788915872574
train,cf-bpr,0.04082249850034714
train,cf-bpr,0.042253345251083374
train,cf-bpr,0.031018083915114403
train,cf-bpr,0.03392067179083824
train,cf-bpr,0.06198515743017197
train,cf-bpr,0.037552185356616974
train,cf-bpr,0.03794587403535843
train,cf-bpr,0.048117104917764664
train,cf-bpr,0.03002730756998062
train,cf-bpr,0.03650570660829544
train,cf-bpr,0.0537341944873333
train,cf-bpr,0.027649380266666412
train,cf-bpr,0.0392824150621891
train,cf-bpr,0.03437955304980278
train,cf-bpr,0.04690563678741455
train,cf-bpr,0.024231867864727974
train,cf-bpr,0.04024019092321396
train,cf-bpr,0.03170473128557205
train,cf-bpr,0.03495817258954048
train,cf-bpr,0.03157263621687889
train,cf-bpr,0.04137925058603287
train,cf-bpr,0.02838483639061451
train,cf-bpr,0.03533776104450226
train,cf-bpr,0.04321499168872833
train,cf-bpr,0.03236278146505356
train,cf-bpr,0.034303437918424606
train,cf-bpr,0.03246898576617241
train,cf-bpr,0.046013135462999344
train,cf-bpr,0.04396721348166466
train,cf-bpr,0.04356039687991142
train,cf-bpr,0.03823180869221687
train,cf-bpr,0.028927234932780266
train,cf-bpr,0.03550384193658829
train,cf-bpr,0.045626044273376465
train,cf-bpr,0.03798162564635277
train,cf-bpr,0.03459863364696503
train,cf-bpr,0.030389761552214622
train,cf-bpr,0.04092191532254219
train,cf-bpr,0.024551190435886383
train,cf-bpr,0.03555729240179062
train,cf-bpr,0.03410434350371361
train,cf-bpr,0.03549492731690407
train,cf-bpr,0.03957218676805496
train,cf-bpr,0.027941903099417686
train,cf-bpr,0.04339480772614479
train,cf-bpr,0.054185643792152405
train,cf-bpr,0.03592861816287041
train,cf-bpr,0.04153893142938614
train,cf-bpr,0.029051104560494423
train,cf-bpr,0.029663845896720886
train,cf-bpr,0.029017426073551178
train,cf-bpr,0.03925042971968651
train,cf-bpr,0.032631728798151016
train,cf-bpr,0.06914953887462616
train,cf-bpr,0.03550273925065994
train,cf-bpr,0.049264341592788696
train,cf-bpr,0.03611493483185768
train,cf-bpr,0.03895803168416023
train,cf-bpr,0.028640462085604668
train,cf-bpr,0.040356166660785675
train,cf-bpr,0.05025506764650345
train,cf-bpr,0.03631369024515152
train,cf-bpr,0.045358624309301376
train,cf-bpr,0.04597854241728783
train,cf-bpr,0.03744746372103691
train,cf-bpr,0.03343261778354645
train,cf-bpr,0.04301505535840988
train,cf-bpr,0.03551752120256424
train,cf-bpr,0.0314924530684948
train,cf-bpr,0.029029833152890205
train,cf-bpr,0.034832362085580826
train,cf-bpr,0.0397956483066082
train,cf-bpr,0.038261640816926956
train,cf-bpr,0.03103565238416195
train,cf-bpr,0.03602304682135582
train,cf-bpr,0.02940855361521244
train,cf-bpr,0.05814245715737343
train,cf-bpr,0.03868013247847557
train,cf-bpr,0.04669559374451637
train,cf-bpr,0.03627782315015793
train,cf-bpr,0.04672018066048622
train,cf-bpr,0.04105818644165993
train,cf-bpr,0.03676639869809151
train,cf-bpr,0.037497956305742264
train,cf-bpr,0.051507361233234406
train,cf-bpr,0.05084611102938652
train,cf-bpr,0.03990259766578674
train,cf-bpr,0.037031520158052444
train,cf-bpr,0.037553656846284866
train,cf-bpr,0.03561515733599663
train,cf-bpr,0.0323336161673069
train,cf-bpr,0.03641973435878754
train,cf-bpr,0.03521245718002319
train,cf-bpr,0.03226044774055481
train,cf-bpr,0.04066920280456543
train,cf-bpr,0.03259140998125076
train,cf-bpr,0.03996623679995537
train,cf-bpr,0.033040497452020645
train,cf-bpr,0.04417695850133896
train,cf-bpr,0.04894142225384712
train,cf-bpr,0.02636370062828064
train,cf-bpr,0.03482743725180626
train,cf-bpr,0.038564808666706085
train,cf-bpr,0.05313711613416672
train,cf-bpr,0.0695730671286583
train,cf-bpr,0.029022736474871635
train,cf-bpr,0.03492152318358421
train,cf-bpr,0.03214634209871292
train,cf-bpr,0.03097686544060707
train,cf-bpr,0.03549565002322197
train,cf-bpr,0.037139225751161575
train,cf-bpr,0.045606207102537155
train,cf-bpr,0.03720094636082649
train,cf-bpr,0.029788509011268616
train,cf-bpr,0.032987408339977264
train,cf-bpr,0.04146050661802292
train,cf-bpr,0.024577032774686813
train,cf-bpr,0.040321771055459976
train,cf-bpr,0.03308524191379547
train,cf-bpr,0.03508651629090309
train,cf-bpr,0.03277608007192612
train,cf-bpr,0.04354706034064293
train,cf-bpr,0.04507697373628616
train,cf-bpr,0.03176349774003029
train,cf-bpr,0.032879166305065155
train,cf-bpr,0.042344603687524796
train,cf-bpr,0.034147586673498154
train,cf-bpr,0.04297948628664017
train,cf-bpr,0.039815668016672134
train,cf-bpr,0.034329649060964584
train,cf-bpr,0.04325645789504051
train,cf-bpr,0.044081687927246094
train,cf-bpr,0.055208250880241394
train,cf-bpr,0.028402218595147133
train,cf-bpr,0.03663074970245361
train,cf-bpr,0.04973078519105911
train,cf-bpr,0.035809289664030075
train,cf-bpr,0.031337376683950424
train,cf-bpr,0.03449185565114021
train,cf-bpr,0.036651480942964554
train,cf-bpr,0.03904281556606293
train,cf-bpr,0.040708061307668686
train,cf-bpr,0.038760144263505936
train,cf-bpr,0.036983292549848557
train,cf-bpr,0.03886772692203522
train,cf-bpr,0.044825479388237
train,cf-bpr,0.03170493617653847
train,cf-bpr,0.04025252163410187
train,cf-bpr,0.05938931927084923
train,cf-bpr,0.029110919684171677
train,cf-bpr,0.04415503889322281
train,cf-bpr,0.04218490049242973
train,cf-bpr,0.033944495022296906
train,cf-bpr,0.03518214821815491
train,cf-bpr,0.05135427042841911
train,cf-bpr,0.03764437884092331
train,cf-bpr,0.04634996876120567
train,cf-bpr,0.04784950241446495
train,cf-bpr,0.03233237937092781
train,cf-bpr,0.028684768825769424
train,cf-bpr,0.02788371965289116
train,cf-bpr,0.03400304168462753
train,cf-bpr,0.039267390966415405
train,cf-bpr,0.04121623560786247
train,cf-bpr,0.042704954743385315
train,cf-bpr,0.04179598018527031
train,cf-bpr,0.028680410236120224
train,cf-bpr,0.08669515699148178
train,cf-bpr,0.044887933880090714
train,cf-bpr,0.045633796602487564
train,cf-bpr,0.029687264934182167
train,cf-bpr,0.05987827479839325
train,cf-bpr,0.050130695104599
train,cf-bpr,0.050481248646974564
train,cf-bpr,0.03331701457500458
train,cf-bpr,0.03247462958097458
train,cf-bpr,0.04220930486917496
train,cf-bpr,0.038500040769577026
train,cf-bpr,0.046239353716373444
train,cf-bpr,0.03191158175468445
train,cf-bpr,0.03947333246469498
train,cf-bpr,0.04989040642976761
train,cf-bpr,0.028669429942965508
train,cf-bpr,0.037559568881988525
train,cf-bpr,0.028465693816542625
train,cf-bpr,0.03816191107034683
train,cf-bpr,0.031083596870303154
train,cf-bpr,0.044763416051864624
train,cf-bpr,0.05161288380622864
train,cf-bpr,0.030007587745785713
train,cf-bpr,0.039646051824092865
train,cf-bpr,0.04494480416178703
train,cf-bpr,0.033944785594940186
train,cf-bpr,0.039386093616485596
train,cf-bpr,0.07439480721950531
train,cf-bpr,0.031971197575330734
train,cf-bpr,0.03387841582298279
train,cf-bpr,0.04017302766442299
train,cf-bpr,0.0467706173658371
train,cf-bpr,0.036265820264816284
train,cf-bpr,0.040880221873521805
train,cf-bpr,0.02667240984737873
train,cf-bpr,0.03951768949627876
train,cf-bpr,0.05500229448080063
train,cf-bpr,0.034508392214775085
train,cf-bpr,0.03462941572070122
train,cf-bpr,0.036441199481487274
train,cf-bpr,0.036340124905109406
train,cf-bpr,0.03913073241710663
train,cf-bpr,0.02885720692574978
train,cf-bpr,0.0343453511595726
train,cf-bpr,0.03021659515798092
train,cf-bpr,0.03727985545992851
train,cf-bpr,0.03744962066411972
train,cf-bpr,0.042226605117321014
train,cf-bpr,0.043002646416425705
train,cf-bpr,0.03216804936528206
train,cf-bpr,0.03329559043049812
train,cf-bpr,0.04867447167634964
train,cf-bpr,0.032506171613931656
train,cf-bpr,0.032967835664749146
train,cf-bpr,0.040531259030103683
train,cf-bpr,0.02877194806933403
train,cf-bpr,0.03447088599205017
train,cf-bpr,0.03220059722661972
train,cf-bpr,0.04371686652302742
train,cf-bpr,0.04357028007507324
train,cf-bpr,0.03490575775504112
train,cf-bpr,0.044981956481933594
train,cf-bpr,0.03945441544055939
train,cf-bpr,0.02956014685332775
train,cf-bpr,0.0358993224799633
train,cf-bpr,0.05200432986021042
train,cf-bpr,0.05620352178812027
train,cf-bpr,0.04063417762517929
train,cf-bpr,0.0470888614654541
train,cf-bpr,0.04367527738213539
train,cf-bpr,0.03924628347158432
train,cf-bpr,0.0307542085647583
train,cf-bpr,0.03503432497382164
train,cf-bpr,0.040256060659885406
train,cf-bpr,0.03947921097278595
train,cf-bpr,0.029140569269657135
train,cf-bpr,0.03738308325409889
train,cf-bpr,0.04071413353085518
train,cf-bpr,0.035047948360443115
train,cf-bpr,0.03014260157942772
train,cf-bpr,0.028702137991786003
train,cf-bpr,0.03150644525885582
train,cf-bpr,0.024458782747387886
train,cf-bpr,0.029888365417718887
train,cf-bpr,0.06898673623800278
train,cf-bpr,0.04224611073732376
train,cf-bpr,0.03702631965279579
train,cf-bpr,0.040184386074543
train,cf-bpr,0.029292091727256775
train,cf-bpr,0.05270833149552345
train,cf-bpr,0.026920296251773834
train,cf-bpr,0.03870615363121033
train,cf-bpr,0.03411729261279106
train,cf-bpr,0.0306727085262537
train,cf-bpr,0.03483874350786209
train,cf-bpr,0.037009868770837784
train,cf-bpr,0.03021702915430069
train,cf-bpr,0.024798531085252762
train,cf-bpr,0.024842629209160805
train,cf-bpr,0.050816528499126434
train,cf-bpr,0.03003438003361225
train,cf-bpr,0.02655399963259697
train,cf-bpr,0.04064507037401199
train,cf-bpr,0.039246346801519394
train,cf-bpr,0.0370735339820385
train,cf-bpr,0.05394446849822998
train,cf-bpr,0.043158113956451416
train,cf-bpr,0.03347286209464073
train,cf-bpr,0.032173629850149155
train,cf-bpr,0.02976917289197445
train,cf-bpr,0.032924436032772064
train,cf-bpr,0.033049240708351135
train,cf-bpr,0.038247860968112946
train,cf-bpr,0.04529344290494919
train,cf-bpr,0.03889814764261246
train,cf-bpr,0.03374657407402992
train,cf-bpr,0.036616694182157516
train,cf-bpr,0.03389411047101021
train,cf-bpr,0.036962565034627914
train,cf-bpr,0.04529476910829544
train,cf-bpr,0.0348830372095108
train,cf-bpr,0.04560920223593712
train,cf-bpr,0.028338726609945297
train,cf-bpr,0.04799793288111687
train,cf-bpr,0.045398663729429245
train,cf-bpr,0.03247129172086716
train,cf-bpr,0.031153202056884766
train,cf-bpr,0.03163348138332367
train,cf-bpr,0.03840476647019386
train,cf-bpr,0.044267404824495316
train,cf-bpr,0.03151101991534233
train,cf-bpr,0.033880967646837234
train,cf-bpr,0.04243532568216324
train,cf-bpr,0.031065411865711212
train,cf-bpr,0.03206261992454529
train,cf-bpr,0.04641599580645561
train,cf-bpr,0.026823975145816803
train,cf-bpr,0.031266938894987106
train,cf-bpr,0.0321122370660305
train,cf-bpr,0.03741557151079178
train,cf-bpr,0.035647641867399216
train,cf-bpr,0.04119832068681717
train,cf-bpr,0.03038257174193859
train,cf-bpr,0.050185639411211014
train,cf-bpr,0.048397794365882874
train,cf-bpr,0.04272571951150894
train,cf-bpr,0.03910624608397484
train,cf-bpr,0.06402397155761719
train,cf-bpr,0.030160317197442055
train,cf-bpr,0.03375048190355301
train,cf-bpr,0.032772455364465714
train,cf-bpr,0.04910796508193016
train,cf-bpr,0.030176779255270958
train,cf-bpr,0.03710402175784111
train,cf-bpr,0.05260073393583298
train,cf-bpr,0.030102409422397614
train,cf-bpr,0.03214659541845322
train,cf-bpr,0.04162576422095299
train,cf-bpr,0.031168153509497643
train,cf-bpr,0.0419752299785614
train,cf-bpr,0.03930389881134033
train,cf-bpr,0.03777129575610161
train,cf-bpr,0.03993617370724678
train,cf-bpr,0.03981570154428482
train,cf-bpr,0.036047447472810745
train,cf-bpr,0.06759071350097656
train,cf-bpr,0.029584206640720367
train,cf-bpr,0.03501657396554947
train,cf-bpr,0.04104923829436302
train,cf-bpr,0.033024441450834274
train,cf-bpr,0.037552133202552795
train,cf-bpr,0.032312385737895966
train,cf-bpr,0.03664770722389221
train,cf-bpr,0.03620842471718788
train,cf-bpr,0.04737808182835579
train,cf-bpr,0.04018913581967354
train,cf-bpr,0.04672246053814888
train,cf-bpr,0.03197824954986572
train,cf-bpr,0.03995198756456375
train,cf-bpr,0.048947013914585114
train,cf-bpr,0.0293192770332098
train,cf-bpr,0.057109665125608444
train,cf-bpr,0.032341938465833664
train,cf-bpr,0.028673674911260605
train,cf-bpr,0.029975667595863342
train,cf-bpr,0.030483847483992577
train,cf-bpr,0.03729090839624405
train,cf-bpr,0.05110669136047363
train,cf-bpr,0.03820926323533058
train,cf-bpr,0.09382633119821548
train,cf-bpr,0.032195083796978
train,cf-bpr,0.05818486586213112
train,cf-bpr,0.04228593409061432
train,cf-bpr,0.040167029947042465
train,cf-bpr,0.03942590206861496
train,cf-bpr,0.03635726869106293
train,cf-bpr,0.04099014773964882
train,cf-bpr,0.031295981258153915
train,cf-bpr,0.0425809845328331
train,cf-bpr,0.042920902371406555
train,cf-bpr,0.04250157251954079
train,cf-bpr,0.03297774866223335
train,cf-bpr,0.031725428998470306
train,cf-bpr,0.031922679394483566
train,cf-bpr,0.02615681290626526
train,cf-bpr,0.03799789026379585
train,cf-bpr,0.03605932742357254
train,cf-bpr,0.03656912222504616
train,cf-bpr,0.03821983560919762
train,cf-bpr,0.038094691932201385
train,cf-bpr,0.03377947956323624
train,cf-bpr,0.04395727068185806
train,cf-bpr,0.03609107807278633
train,cf-bpr,0.05975229665637016
train,cf-bpr,0.042894039303064346
train,cf-bpr,0.0567200742661953
train,cf-bpr,0.038965437561273575
train,cf-bpr,0.04203958809375763
train,cf-bpr,0.048049770295619965
train,cf-bpr,0.0489041842520237
train,cf-bpr,0.04140196740627289
train,cf-bpr,0.04421445354819298
train,cf-bpr,0.0409151129424572
train,cf-bpr,0.05632424354553223
train,cf-bpr,0.0388735868036747
train,cf-bpr,0.05030741170048714
train,cf-bpr,0.028590954840183258
train,cf-bpr,0.03579168766736984
train,cf-bpr,0.033676713705062866
train,cf-bpr,0.04781525209546089
train,cf-bpr,0.037794288247823715
train,cf-bpr,0.03694125637412071
train,cf-bpr,0.0499853752553463
train,cf-bpr,0.03915955126285553
train,cf-bpr,0.040077947080135345
train,cf-bpr,0.03439251333475113
train,cf-bpr,0.03826839104294777
train,cf-bpr,0.05387696996331215
train,cf-bpr,0.06794581562280655
train,cf-bpr,0.026623062789440155
train,cf-bpr,0.031478047370910645
train,cf-bpr,0.03090103156864643
train,cf-bpr,0.03133806213736534
train,cf-bpr,0.03801659867167473
train,cf-bpr,0.030216293409466743
train,cf-bpr,0.04374760389328003
train,cf-bpr,0.045223966240882874
train,cf-bpr,0.026334388181567192
train,cf-bpr,0.03406011313199997
train,cf-bpr,0.042506974190473557
train,cf-bpr,0.03330378234386444
train,cf-bpr,0.03691255673766136
train,cf-bpr,0.03012206219136715
train,cf-bpr,0.0486486479640007
train,cf-bpr,0.044050998985767365
train,cf-bpr,0.02661839872598648
train,cf-bpr,0.03869223594665527
train,cf-bpr,0.03618783876299858
train,cf-bpr,0.03324396163225174
train,cf-bpr,0.035436127334833145
train,cf-bpr,0.03367201238870621
train,cf-bpr,0.03322784602642059
train,cf-bpr,0.030986540019512177
train,cf-bpr,0.052543457597494125
train,cf-bpr,0.02763141132891178
train,cf-bpr,0.032085299491882324
train,cf-bpr,0.032633934170007706
train,cf-bpr,0.03372766077518463
train,cf-bpr,0.02567959949374199
train,cf-bpr,0.05460845306515694
train,cf-bpr,0.04347284883260727
train,cf-bpr,0.04451256990432739
train,cf-bpr,0.041397348046302795
train,cf-bpr,0.030304772779345512
train,cf-bpr,0.057953838258981705
train,cf-bpr,0.032454200088977814
train,cf-bpr,0.03332888334989548
train,cf-bpr,0.06998017430305481
train,cf-bpr,0.029343917965888977
train,cf-bpr,0.030813785269856453
train,cf-bpr,0.03861184045672417
train,cf-bpr,0.042650364339351654
train,cf-bpr,0.03596886992454529
train,cf-bpr,0.05532335862517357
train,cf-bpr,0.03887132555246353
train,cf-bpr,0.043435923755168915
train,cf-bpr,0.03909527137875557
train,cf-bpr,0.04573239013552666
train,cf-bpr,0.03351103514432907
train,cf-bpr,0.03705034777522087
train,cf-bpr,0.03152299299836159
train,cf-bpr,0.037723515182733536
train,cf-bpr,0.03017175942659378
train,cf-bpr,0.030673259869217873
train,cf-bpr,0.03330380097031593
train,cf-bpr,0.04720180481672287
train,cf-bpr,0.04470651596784592
train,cf-bpr,0.03819996491074562
train,cf-bpr,0.028126614168286324
train,cf-bpr,0.03078210912644863
train,cf-bpr,0.039036452770233154
train,cf-bpr,0.035280756652355194
train,cf-bpr,0.046870868653059006
train,cf-bpr,0.034268759191036224
train,cf-bpr,0.04466908797621727
train,cf-bpr,0.02371702902019024
train,cf-bpr,0.03418465703725815
train,cf-bpr,0.026849351823329926
train,cf-bpr,0.04008208215236664
train,cf-bpr,0.06433550268411636
train,cf-bpr,0.022928014397621155
train,cf-bpr,0.03277965635061264
train,cf-bpr,0.041316770017147064
train,cf-bpr,0.03774536773562431
train,cf-bpr,0.05465627461671829
train,cf-bpr,0.03164606913924217
train,cf-bpr,0.04078259319067001
train,cf-bpr,0.029043184593319893
train,cf-bpr,0.04593132063746452
train,cf-bpr,0.03381882607936859
train,cf-bpr,0.03660472109913826
train,cf-bpr,0.04001777991652489
train,cf-bpr,0.03532426431775093
train,cf-bpr,0.03596155345439911
train,cf-bpr,0.02909824438393116
train,cf-bpr,0.042787082493305206
train,cf-bpr,0.03107677400112152
train,cf-bpr,0.029331667348742485
train,cf-bpr,0.03348047658801079
train,cf-bpr,0.03595747426152229
train,cf-bpr,0.030282283201813698
train,cf-bpr,0.04039207473397255
train,cf-bpr,0.030331293120980263
train,cf-bpr,0.025475531816482544
train,cf-bpr,0.03309282287955284
train,cf-bpr,0.044369786977767944
train,cf-bpr,0.034604109823703766
train,cf-bpr,0.03892115131020546
train,cf-bpr,0.0428406223654747
train,cf-bpr,0.031107330694794655
train,cf-bpr,0.03552685305476189
train,cf-bpr,0.03694264218211174
train,cf-bpr,0.04581712186336517
train,cf-bpr,0.035252612084150314
train,cf-bpr,0.02859143540263176
train,cf-bpr,0.039417821913957596
train,cf-bpr,0.04114150255918503
train,cf-bpr,0.03136161342263222
train,cf-bpr,0.036546770483255386
train,cf-bpr,0.04236665740609169
train,cf-bpr,0.04703960940241814
train,cf-bpr,0.03239180147647858
train,cf-bpr,0.04475843161344528
train,cf-bpr,0.04104018583893776
train,cf-bpr,0.06491567194461823
train,cf-bpr,0.03653881698846817
train,cf-bpr,0.04881788417696953
train,cf-bpr,0.04139236360788345
train,cf-bpr,0.032318271696567535
train,cf-bpr,0.02872571535408497
train,cf-bpr,0.08476421236991882
train,cf-bpr,0.042116954922676086
train,cf-bpr,0.03047514334321022
train,cf-bpr,0.038210757076740265
train,cf-bpr,0.05113943666219711
train,cf-bpr,0.02393672801554203
train,cf-bpr,0.03545106202363968
train,cf-bpr,0.05011411011219025
train,cf-bpr,0.0308251790702343
train,cf-bpr,0.027007054537534714
train,cf-bpr,0.04169739782810211
train,cf-bpr,0.03294595703482628
train,cf-bpr,0.03868405520915985
train,cf-bpr,0.030817218124866486
train,cf-bpr,0.05402449890971184
train,cf-bpr,0.043693430721759796
train,cf-bpr,0.030850131064653397
train,cf-bpr,0.027705101296305656
train,cf-bpr,0.03355350345373154
train,cf-bpr,0.05643393099308014
train,cf-bpr,0.05066720023751259
train,cf-bpr,0.027942877262830734
train,cf-bpr,0.04192947968840599
train,cf-bpr,0.031027203425765038
train,cf-bpr,0.039519526064395905
train,cf-bpr,0.03995273634791374
train,cf-bpr,0.03762783110141754
train,cf-bpr,0.03723344951868057
train,cf-bpr,0.02729906141757965
train,cf-bpr,0.03429656848311424
train,cf-bpr,0.07653531432151794
train,cf-bpr,0.033676739782094955
train,cf-bpr,0.04826395958662033
train,cf-bpr,0.04248053580522537
train,cf-bpr,0.050887517631053925
train,cf-bpr,0.03891614079475403
train,cf-bpr,0.04199917986989021
train,cf-bpr,0.03538546711206436
train,cf-bpr,0.05782726779580116
train,cf-bpr,0.024870138615369797
train,cf-bpr,0.0504644475877285
train,cf-bpr,0.03447307273745537
train,cf-bpr,0.03597714751958847
train,cf-bpr,0.031380485743284225
train,cf-bpr,0.04134654253721237
train,cf-bpr,0.03907233476638794
train,cf-bpr,0.06740476191043854
train,cf-bpr,0.0521337129175663
train,cf-bpr,0.032670758664608
train,cf-bpr,0.03332880139350891
train,cf-bpr,0.033439505845308304
train,cf-bpr,0.04544786736369133
train,cf-bpr,0.039614494889974594
train,cf-bpr,0.033679068088531494
train,cf-bpr,0.03234338015317917
train,cf-bpr,0.04535260796546936
train,cf-bpr,0.029746705666184425
train,cf-bpr,0.04519721865653992
train,cf-bpr,0.0312977209687233
train,cf-bpr,0.029100412502884865
train,cf-bpr,0.041485950350761414
train,cf-bpr,0.06261361390352249
train,cf-bpr,0.03313091769814491
train,cf-bpr,0.027695121243596077
train,cf-bpr,0.03568381443619728
train,cf-bpr,0.04002560302615166
train,cf-bpr,0.04126112163066864
train,cf-bpr,0.030309094116091728
train,cf-bpr,0.06906690448522568
train,cf-bpr,0.038651563227176666
train,cf-bpr,0.0378057137131691
train,cf-bpr,0.036981407552957535
train,cf-bpr,0.03062480129301548
train,cf-bpr,0.046894073486328125
train,cf-bpr,0.03672763705253601
train,cf-bpr,0.047220706939697266
train,cf-bpr,0.03976090997457504
train,cf-bpr,0.03588826581835747
train,cf-bpr,0.02843148075044155
train,cf-bpr,0.04233646020293236
train,cf-bpr,0.036378368735313416
train,cf-bpr,0.03930750489234924
train,cf-bpr,0.03940018638968468
train,cf-bpr,0.03727400302886963
train,cf-bpr,0.04862208664417267
train,cf-bpr,0.03619230538606644
train,cf-bpr,0.059238892048597336
train,cf-bpr,0.03321527689695358
train,cf-bpr,0.0329778753221035
train,cf-bpr,0.03754333034157753
train,cf-bpr,0.03853623569011688
train,cf-bpr,0.030148344114422798
train,cf-bpr,0.04232584312558174
train,cf-bpr,0.07690075784921646
train,cf-bpr,0.08249291777610779
train,cf-bpr,0.04818738251924515
train,cf-bpr,0.04072404280304909
train,cf-bpr,0.03574081137776375
train,cf-bpr,0.031541455537080765
train,cf-bpr,0.03897896036505699
train,cf-bpr,0.027258293703198433
train,cf-bpr,0.0412307009100914
train,cf-bpr,0.0631081685423851
train,cf-bpr,0.041891515254974365
train,cf-bpr,0.03746118023991585
train,cf-bpr,0.05175510793924332
train,cf-bpr,0.035424768924713135
train,cf-bpr,0.036295630037784576
train,cf-bpr,0.03562510386109352
train,cf-bpr,0.027339965105056763
train,cf-bpr,0.044587641954422
train,cf-bpr,0.040730226784944534
train,cf-bpr,0.035028792917728424
train,cf-bpr,0.039214953780174255
train,cf-bpr,0.03705720230937004
train,cf-bpr,0.044046785682439804
train,cf-bpr,0.04311584681272507
train,cf-bpr,0.043510839343070984
train,cf-bpr,0.041226744651794434
train,cf-bpr,0.04401633143424988
train,cf-bpr,0.028502125293016434
train,cf-bpr,0.027871740981936455
train,cf-bpr,0.030125785619020462
train,cf-bpr,0.031094815582036972
train,cf-bpr,0.04512506723403931
train,cf-bpr,0.029152175411581993
train,cf-bpr,0.03219528868794441
train,cf-bpr,0.03763377666473389
train,cf-bpr,0.03128959611058235
train,cf-bpr,0.041906293481588364
train,cf-bpr,0.031677957624197006
train,cf-bpr,0.05269738659262657
train,cf-bpr,0.05769074335694313
train,cf-bpr,0.040495578199625015
train,cf-bpr,0.04557916149497032
train,cf-bpr,0.04276920482516289
train,cf-bpr,0.12662294507026672
train,cf-bpr,0.06357986479997635
train,cf-bpr,0.034461840987205505
train,cf-bpr,0.02918115258216858
train,cf-bpr,0.03321772441267967
train,cf-bpr,0.036190032958984375
train,cf-bpr,0.04234875366091728
train,cf-bpr,0.027461187914013863
train,cf-bpr,0.03957144916057587
train,cf-bpr,0.03768414631485939
train,cf-bpr,0.029372431337833405
train,cf-bpr,0.041066017001867294
train,cf-bpr,0.037613995373249054
train,cf-bpr,0.03696376085281372
train,cf-bpr,0.03392725810408592
train,cf-bpr,0.04412330687046051
train,cf-bpr,0.034904249012470245
train,cf-bpr,0.038284413516521454
train,cf-bpr,0.03441387787461281
train,cf-bpr,0.03028736636042595
train,cf-bpr,0.049898359924554825
train,cf-bpr,0.03778590261936188
train,cf-bpr,0.031791575253009796
train,cf-bpr,0.027691494673490524
train,cf-bpr,0.048298388719558716
train,cf-bpr,0.03251156955957413
train,cf-bpr,0.044226113706827164
train,cf-bpr,0.04573959857225418
train,cf-bpr,0.028528587892651558
train,cf-bpr,0.032878633588552475
train,cf-bpr,0.04778891056776047
train,cf-bpr,0.03515906631946564
train,cf-bpr,0.027493126690387726
train,cf-bpr,0.03713570907711983
train,cf-bpr,0.03911292552947998
train,cf-bpr,0.030335543677210808
train,cf-bpr,0.03729596734046936
train,cf-bpr,0.050326842814683914
train,cf-bpr,0.02969018928706646
train,cf-bpr,0.059831298887729645
train,cf-bpr,0.036327239125967026
train,cf-bpr,0.06437624990940094
train,cf-bpr,0.03575614094734192
train,cf-bpr,0.039417486637830734
train,cf-bpr,0.037363696843385696
train,cf-bpr,0.030985310673713684
train,cf-bpr,0.03459241986274719
train,cf-bpr,0.03543154150247574
train,cf-bpr,0.03172452002763748
train,cf-bpr,0.04491830989718437
train,cf-bpr,0.03305599465966225
train,cf-bpr,0.04145782068371773
train,cf-bpr,0.0368477925658226
train,cf-bpr,0.04815180227160454
train,cf-bpr,0.06310780346393585
train,cf-bpr,0.04978661984205246
train,cf-bpr,0.028048565611243248
train,cf-bpr,0.028867939487099648
train,cf-bpr,0.03198546543717384
train,cf-bpr,0.0374438539147377
train,cf-bpr,0.034505702555179596
train,cf-bpr,0.041068464517593384
train,cf-bpr,0.027049051597714424
train,cf-bpr,0.04818393290042877
train,cf-bpr,0.045977991074323654
train,cf-bpr,0.03565458580851555
train,cf-bpr,0.03618168085813522
train,cf-bpr,0.04381858929991722
train,cf-bpr,0.038240350782871246
train,cf-bpr,0.026207875460386276
train,cf-bpr,0.06753970682621002
train,cf-bpr,0.03624552860856056
train,cf-bpr,0.06102349981665611
train,cf-bpr,0.05090826377272606
train,cf-bpr,0.04584038257598877
train,cf-bpr,0.034469522535800934
train,cf-bpr,0.04444940760731697
train,cf-bpr,0.04335815832018852
train,cf-bpr,0.029525894671678543
train,cf-bpr,0.042379774153232574
train,cf-bpr,0.041362568736076355
train,cf-bpr,0.039108313620090485
train,cf-bpr,0.03769775480031967
train,cf-bpr,0.033108752220869064
train,cf-bpr,0.046225305646657944
train,cf-bpr,0.045966342091560364
train,cf-bpr,0.025449935346841812
train,cf-bpr,0.0395018607378006
train,cf-bpr,0.055791620165109634
train,cf-bpr,0.04042034223675728
train,cf-bpr,0.0386308990418911
train,cf-bpr,0.034336935728788376
train,cf-bpr,0.03671696037054062
train,cf-bpr,0.03634368255734444
train,cf-bpr,0.04224853962659836
train,cf-bpr,0.0310650784522295
train,cf-bpr,0.03104253113269806
train,cf-bpr,0.09429613500833511
train,cf-bpr,0.03295483440160751
train,cf-bpr,0.03905576840043068
train,cf-bpr,0.03853371739387512
train,cf-bpr,0.03355071321129799
train,cf-bpr,0.06291842460632324
train,cf-bpr,0.09603563696146011
train,cf-bpr,0.043570443987846375
train,cf-bpr,0.03296919912099838
train,cf-bpr,0.039982039481401443
train,cf-bpr,0.030835390090942383
train,cf-bpr,0.02802312932908535
train,cf-bpr,0.03746607154607773
train,cf-bpr,0.03250368684530258
train,cf-bpr,0.0385829396545887
train,cf-bpr,0.03383110463619232
train,cf-bpr,0.04300670698285103
train,cf-bpr,0.035654984414577484
train,cf-bpr,0.03405718505382538
train,cf-bpr,0.03192107751965523
train,cf-bpr,0.04928741976618767
train,cf-bpr,0.043310027569532394
train,cf-bpr,0.04399832710623741
train,cf-bpr,0.03241194784641266
train,cf-bpr,0.03595761954784393
train,cf-bpr,0.03339434415102005
train,cf-bpr,0.03209851682186127
train,cf-bpr,0.05544264614582062
train,cf-bpr,0.038119278848171234
train,cf-bpr,0.033188894391059875
train,cf-bpr,0.050348713994026184
train,cf-bpr,0.026426395401358604
train,cf-bpr,0.04407656565308571
train,cf-bpr,0.048785075545310974
train,cf-bpr,0.040858179330825806
train,cf-bpr,0.031872302293777466
train,cf-bpr,0.043536946177482605
train,cf-bpr,0.07332602888345718
train,cf-bpr,0.05195416510105133
train,cf-bpr,0.03172612935304642
train,cf-bpr,0.0307772234082222
train,cf-bpr,0.03196932002902031
train,cf-bpr,0.03354782983660698
train,cf-bpr,0.04187272861599922
train,cf-bpr,0.038690920919179916
train,cf-bpr,0.028473369777202606
train,cf-bpr,0.037867311388254166
train,cf-bpr,0.04141281917691231
train,cf-bpr,0.04353022947907448
train,cf-bpr,0.037984512746334076
train,cf-bpr,0.028856433928012848
train,cf-bpr,0.03379221260547638
train,cf-bpr,0.041410550475120544
train,cf-bpr,0.029345238581299782
train,cf-bpr,0.042121823877096176
train,cf-bpr,0.03590494394302368
train,cf-bpr,0.03606496378779411
train,cf-bpr,0.057330381125211716
train,cf-bpr,0.05019306391477585
train,cf-bpr,0.034305088222026825
train,cf-bpr,0.026589855551719666
train,cf-bpr,0.03367583826184273
train,cf-bpr,0.036703795194625854
train,cf-bpr,0.02964339219033718
train,cf-bpr,0.04020010307431221
train,cf-bpr,0.032495152205228806
train,cf-bpr,0.04781808331608772
train,cf-bpr,0.04252135753631592
train,cf-bpr,0.05388709530234337
train,cf-bpr,0.049690745770931244
train,cf-bpr,0.028427615761756897
train,cf-bpr,0.03902251645922661
train,cf-bpr,0.0345616340637207
train,cf-bpr,0.04305635020136833
train,cf-bpr,0.02977311797440052
train,cf-bpr,0.04012024775147438
train,cf-bpr,0.044755831360816956
train,cf-bpr,0.057698577642440796
train,cf-bpr,0.0498502179980278
train,cf-bpr,0.03177740424871445
train,cf-bpr,0.04159991815686226
train,cf-bpr,0.027076195925474167
train,cf-bpr,0.03904535993933678
train,cf-bpr,0.03496573492884636
train,cf-bpr,0.037506673485040665
train,cf-bpr,0.03536307066679001
train,cf-bpr,0.03542853891849518
train,cf-bpr,0.034650009125471115
train,cf-bpr,0.06736616790294647
train,cf-bpr,0.03756694495677948
train,cf-bpr,0.05232241749763489
train,cf-bpr,0.04005074128508568
train,cf-bpr,0.027614165097475052
train,cf-bpr,0.036598656326532364
train,cf-bpr,0.04437365010380745
train,cf-bpr,0.03724648430943489
train,cf-bpr,0.030774256214499474
train,cf-bpr,0.04946357384324074
train,cf-bpr,0.07063945382833481
train,cf-bpr,0.03084278479218483
train,cf-bpr,0.04527399688959122
train,cf-bpr,0.03320901840925217
train,cf-bpr,0.035168495029211044
train,cf-bpr,0.0429750494658947
train,cf-bpr,0.041350990533828735
train,cf-bpr,0.038288477808237076
train,cf-bpr,0.03533801808953285
train,cf-bpr,0.03978600353002548
train,cf-bpr,0.032200977206230164
train,cf-bpr,0.047333013266325
train,cf-bpr,0.044527698308229446
train,cf-bpr,0.0548822358250618
train,cf-bpr,0.054435163736343384
train,cf-bpr,0.028460728004574776
train,cf-bpr,0.04412541538476944
train,cf-bpr,0.04035693034529686
train,cf-bpr,0.0410165973007679
train,cf-bpr,0.023895535618066788
train,cf-bpr,0.043417107313871384
train,cf-bpr,0.03623221069574356
train,cf-bpr,0.0322897769510746
train,cf-bpr,0.05841200798749924
train,cf-bpr,0.026254910975694656
train,cf-bpr,0.03342806547880173
train,cf-bpr,0.03794483467936516
train,cf-bpr,0.056077469140291214
train,cf-bpr,0.03287640959024429
train,cf-bpr,0.03770076110959053
train,cf-bpr,0.03317847102880478
train,cf-bpr,0.03401603549718857
train,cf-bpr,0.03798026219010353
train,cf-bpr,0.04229762777686119
train,cf-bpr,0.03864172473549843
train,cf-bpr,0.044481195509433746
train,cf-bpr,0.02622470073401928
train,cf-bpr,0.03856746107339859
train,cf-bpr,0.03684607520699501
train,cf-bpr,0.05930040776729584
train,cf-bpr,0.03718511015176773
train,cf-bpr,0.04818512499332428
train,cf-bpr,0.04216887056827545
train,cf-bpr,0.034568022936582565
train,cf-bpr,0.04517876356840134
train,cf-bpr,0.034457702189683914
train,cf-bpr,0.058287277817726135
train,cf-bpr,0.03218764066696167
train,cf-bpr,0.05713728815317154
train,cf-bpr,0.03357986733317375
train,cf-bpr,0.04417184740304947
train,cf-bpr,0.03343262895941734
train,cf-bpr,0.03269588574767113
train,cf-bpr,0.04357663169503212
train,cf-bpr,0.029369527474045753
train,cf-bpr,0.04249195381999016
train,cf-bpr,0.04875218868255615
train,cf-bpr,0.04980276897549629
train,cf-bpr,0.028119822964072227
train,cf-bpr,0.030591381713747978
train,cf-bpr,0.038781337440013885
train,cf-bpr,0.025615746155381203
train,cf-bpr,0.034833140671253204
train,cf-bpr,0.02729734033346176
train,cf-bpr,0.03735356032848358
train,cf-bpr,0.040493160486221313
train,cf-bpr,0.037408795207738876
train,cf-bpr,0.03425530716776848
train,cf-bpr,0.03529979661107063
train,cf-bpr,0.03716166689991951
train,cf-bpr,0.03149045258760452
train,cf-bpr,0.04734759032726288
train,cf-bpr,0.035970937460660934
train,cf-bpr,0.046976640820503235
train,cf-bpr,0.032883286476135254
train,cf-bpr,0.03537796437740326
train,cf-bpr,0.04861222580075264
train,cf-bpr,0.03344985842704773
train,cf-bpr,0.03344336524605751
train,cf-bpr,0.0373949259519577
train,cf-bpr,0.04389900714159012
train,cf-bpr,0.03827003017067909
train,cf-bpr,0.040289055556058884
train,cf-bpr,0.0316840261220932
train,cf-bpr,0.04790451005101204
train,cf-bpr,0.03431585803627968
train,cf-bpr,0.03382819518446922
train,cf-bpr,0.036942753940820694
train,cf-bpr,0.03040928579866886
train,cf-bpr,0.06862077862024307
train,cf-bpr,0.03666425868868828
train,cf-bpr,0.03478182479739189
train,cf-bpr,0.035674087703228
train,cf-bpr,0.045214537531137466
train,cf-bpr,0.032961226999759674
train,cf-bpr,0.04512451961636543
train,cf-bpr,0.026403073221445084
train,cf-bpr,0.03982439637184143
train,cf-bpr,0.03526260331273079
train,cf-bpr,0.07197897881269455
train,cf-bpr,0.03452930971980095
train,cf-bpr,0.032704196870326996
train,cf-bpr,0.024767540395259857
train,cf-bpr,0.028716519474983215
train,cf-bpr,0.037110019475221634
train,cf-bpr,0.04162370786070824
train,cf-bpr,0.03677447885274887
train,cf-bpr,0.046515051275491714
train,cf-bpr,0.03540842980146408
train,cf-bpr,0.03946102038025856
train,cf-bpr,0.02668854221701622
train,cf-bpr,0.03486472740769386
train,cf-bpr,0.03680213913321495
train,cf-bpr,0.043386735022068024
train,cf-bpr,0.08537786453962326
train,cf-bpr,0.034997180104255676
train,cf-bpr,0.05821030214428902
train,cf-bpr,0.08425465226173401
train,cf-bpr,0.03623709827661514
train,cf-bpr,0.051422275602817535
train,cf-bpr,0.040042366832494736
train,cf-bpr,0.03831617906689644
train,cf-bpr,0.03658423200249672
train,cf-bpr,0.031527549028396606
train,cf-bpr,0.03832385316491127
train,cf-bpr,0.034290943294763565
train,cf-bpr,0.03560338169336319
train,cf-bpr,0.0345868319272995
train,cf-bpr,0.04420323297381401
train,cf-bpr,0.05128702148795128
train,cf-bpr,0.04226301237940788
train,cf-bpr,0.05834592878818512
train,cf-bpr,0.04391758143901825
train,cf-bpr,0.027252553030848503
train,cf-bpr,0.03577264025807381
train,cf-bpr,0.03315717354416847
train,cf-bpr,0.05882573127746582
train,cf-bpr,0.03291032463312149
train,cf-bpr,0.03415222465991974
train,cf-bpr,0.03623839095234871
train,cf-bpr,0.029959144070744514
train,cf-bpr,0.026881851255893707
train,cf-bpr,0.0387907437980175
train,cf-bpr,0.03077935427427292
train,cf-bpr,0.028184793889522552
train,cf-bpr,0.056286245584487915
train,cf-bpr,0.04717433825135231
train,cf-bpr,0.057933539152145386
train,cf-bpr,0.03071078658103943
train,cf-bpr,0.03325754031538963
train,cf-bpr,0.04861197993159294
train,cf-bpr,0.053078729659318924
train,cf-bpr,0.0321153849363327
train,cf-bpr,0.03723924234509468
train,cf-bpr,0.04595556482672691
train,cf-bpr,0.03076721914112568
train,cf-bpr,0.033675264567136765
train,cf-bpr,0.03196220472455025
train,cf-bpr,0.05241741985082626
train,cf-bpr,0.036039020866155624
train,cf-bpr,0.026453206315636635
train,cf-bpr,0.041633568704128265
train,cf-bpr,0.04010025039315224
train,cf-bpr,0.0621759369969368
train,cf-bpr,0.041587937623262405
train,cf-bpr,0.048125702887773514
train,cf-bpr,0.03777677193284035
train,cf-bpr,0.03007708676159382
train,cf-bpr,0.029433678835630417
train,cf-bpr,0.040915604680776596
train,cf-bpr,0.04834846779704094
train,cf-bpr,0.0777086541056633
train,cf-bpr,0.03296339139342308
train,cf-bpr,0.03445446491241455
train,cf-bpr,0.0395113043487072
train,cf-bpr,0.03154272213578224
train,cf-bpr,0.04454570263624191
train,cf-bpr,0.030490754172205925
train,cf-bpr,0.03170560300350189
train,cf-bpr,0.04533722996711731
train,cf-bpr,0.03452524542808533
train,cf-bpr,0.029989629983901978
train,cf-bpr,0.03334013745188713
train,cf-bpr,0.039244409650564194
train,cf-bpr,0.051243484020233154
train,cf-bpr,0.048024341464042664
train,cf-bpr,0.035388972610235214
train,cf-bpr,0.09348347038030624
train,cf-bpr,0.03578495606780052
train,cf-bpr,0.03792101517319679
train,cf-bpr,0.038412850350141525
train,cf-bpr,0.03418087586760521
train,cf-bpr,0.039131585508584976
train,cf-bpr,0.03401825204491615
train,cf-bpr,0.02905876748263836
train,cf-bpr,0.030081378296017647
train,cf-bpr,0.03532344102859497
train,cf-bpr,0.028294559568166733
train,cf-bpr,0.029801659286022186
train,cf-bpr,0.0375160276889801
train,cf-bpr,0.033404674381017685
train,cf-bpr,0.05797208845615387
train,cf-bpr,0.03725465387105942
train,cf-bpr,0.038684312254190445
train,cf-bpr,0.036456260830163956
train,cf-bpr,0.04583173245191574
train,cf-bpr,0.025033097714185715
train,cf-bpr,0.038086336106061935
train,cf-bpr,0.03145216032862663
train,cf-bpr,0.03691503405570984
train,cf-bpr,0.03383573144674301
train,cf-bpr,0.02867627702653408
train,cf-bpr,0.05464418977499008
train,cf-bpr,0.038431551307439804
train,cf-bpr,0.02923707850277424
train,cf-bpr,0.056213635951280594
train,cf-bpr,0.03705853968858719
train,cf-bpr,0.035464126616716385
train,cf-bpr,0.03428153321146965
train,cf-bpr,0.04117841273546219
train,cf-bpr,0.030848348513245583
train,cf-bpr,0.046091459691524506
train,cf-bpr,0.042778775095939636
train,cf-bpr,0.03562086075544357
train,cf-bpr,0.03345019742846489
train,cf-bpr,0.04562024772167206
train,cf-bpr,0.040203362703323364
train,cf-bpr,0.031243450939655304
train,cf-bpr,0.02648642659187317
train,cf-bpr,0.040900807827711105
train,cf-bpr,0.03599448874592781
train,cf-bpr,0.03279759734869003
train,cf-bpr,0.04093630239367485
train,cf-bpr,0.02819981798529625
train,cf-bpr,0.04473201557993889
train,cf-bpr,0.03468598425388336
train,cf-bpr,0.02860346995294094
train,cf-bpr,0.06226997822523117
train,cf-bpr,0.03436187654733658
train,cf-bpr,0.03171192854642868
train,cf-bpr,0.03911761939525604
train,cf-bpr,0.028734862804412842
train,cf-bpr,0.03166644275188446
train,cf-bpr,0.04337358474731445
train,cf-bpr,0.0459044948220253
train,cf-bpr,0.0369701012969017
train,cf-bpr,0.02990839257836342
train,cf-bpr,0.04812973737716675
train,cf-bpr,0.0398871935904026
train,cf-bpr,0.03529735282063484
train,cf-bpr,0.07767578214406967
train,cf-bpr,0.039427127689123154
train,cf-bpr,0.03526216372847557
train,cf-bpr,0.03538702055811882
train,cf-bpr,0.03119104728102684
train,cf-bpr,0.036267396062612534
train,cf-bpr,0.04111260175704956
train,cf-bpr,0.041242815554142
train,cf-bpr,0.042502060532569885
train,cf-bpr,0.06167071685194969
train,cf-bpr,0.04873383790254593
train,cf-bpr,0.04546560347080231
train,cf-bpr,0.03850272670388222
train,cf-bpr,0.031644582748413086
train,cf-bpr,0.04350076988339424
train,cf-bpr,0.0376989021897316
train,cf-bpr,0.0353928804397583
train,cf-bpr,0.03986798971891403
train,cf-bpr,0.030824534595012665
train,cf-bpr,0.04998209699988365
train,cf-bpr,0.03221345320343971
train,cf-bpr,0.05448348447680473
train,cf-bpr,0.034753601998090744
train,cf-bpr,0.04006894677877426
train,cf-bpr,0.056666553020477295
train,cf-bpr,0.02239784598350525
train,cf-bpr,0.03187071159482002
train,cf-bpr,0.04356065019965172
train,cf-bpr,0.05421113967895508
train,cf-bpr,0.06921330839395523
train,cf-bpr,0.03700551018118858
train,cf-bpr,0.04065277799963951
train,cf-bpr,0.030689062550663948
train,cf-bpr,0.034970395267009735
train,cf-bpr,0.03238764777779579
train,cf-bpr,0.038960084319114685
train,cf-bpr,0.05670123174786568
train,cf-bpr,0.04398978129029274
train,cf-bpr,0.03847693279385567
train,cf-bpr,0.03460358828306198
train,cf-bpr,0.03930739313364029
train,cf-bpr,0.027168763801455498
train,cf-bpr,0.053333185613155365
train,cf-bpr,0.041538987308740616
train,cf-bpr,0.030536482110619545
train,cf-bpr,0.04036324843764305
train,cf-bpr,0.047711726278066635
train,cf-bpr,0.037506263703107834
train,cf-bpr,0.0349959172308445
train,cf-bpr,0.04104796424508095
train,cf-bpr,0.029627898707985878
train,cf-bpr,0.04260673001408577
train,cf-bpr,0.030723702162504196
train,cf-bpr,0.037694238126277924
train,cf-bpr,0.06964940577745438
train,cf-bpr,0.03423510491847992
train,cf-bpr,0.036580055952072144
train,cf-bpr,0.037646327167749405
train,cf-bpr,0.0245573241263628
train,cf-bpr,0.03281726688146591
train,cf-bpr,0.0396827794611454
train,cf-bpr,0.03327275812625885
train,cf-bpr,0.029350044205784798
train,cf-bpr,0.0695652887225151
train,cf-bpr,0.037296444177627563
train,cf-bpr,0.03253895416855812
train,cf-bpr,0.03395489230751991
train,cf-bpr,0.0512344054877758
train,cf-bpr,0.03424381837248802
train,cf-bpr,0.05675330013036728
train,cf-bpr,0.03729068860411644
train,cf-bpr,0.03808720409870148
train,cf-bpr,0.030090874060988426
train,cf-bpr,0.03274532034993172
train,cf-bpr,0.03810327127575874
train,cf-bpr,0.06679598242044449
train,cf-bpr,0.02557622455060482
train,cf-bpr,0.03485573083162308
train,cf-bpr,0.048680197447538376
train,cf-bpr,0.03212058171629906
train,cf-bpr,0.038349371403455734
train,cf-bpr,0.02864881232380867
train,cf-bpr,0.04290054738521576
train,cf-bpr,0.043328240513801575
train,cf-bpr,0.03649882227182388
train,cf-bpr,0.036730073392391205
train,cf-bpr,0.03357918933033943
train,cf-bpr,0.0322612002491951
train,cf-bpr,0.06013346090912819
train,cf-bpr,0.031198546290397644
train,cf-bpr,0.04144588112831116
train,cf-bpr,0.0272542592138052
train,cf-bpr,0.046287741512060165
train,cf-bpr,0.02693757973611355
train,cf-bpr,0.037485070526599884
train,cf-bpr,0.03761221840977669
train,cf-bpr,0.03512869030237198
train,cf-bpr,0.059075575321912766
train,cf-bpr,0.026936963200569153
train,cf-bpr,0.04232373461127281
train,cf-bpr,0.2080725133419037
train,cf-bpr,0.034169699996709824
train,cf-bpr,0.03664710000157356
train,cf-bpr,0.03439965471625328
train,cf-bpr,0.02506227046251297
train,cf-bpr,0.044763073325157166
train,cf-bpr,0.02956383302807808
train,cf-bpr,0.029214562848210335
train,cf-bpr,0.04202013462781906
train,cf-bpr,0.05567978695034981
train,cf-bpr,0.03358063846826553
train,cf-bpr,0.034940868616104126
train,cf-bpr,0.045155975967645645
train,cf-bpr,0.074942946434021
train,cf-bpr,0.03775438293814659
train,cf-bpr,0.03199140354990959
train,cf-bpr,0.04044025018811226
train,cf-bpr,0.0378413125872612
train,cf-bpr,0.03498762100934982
train,cf-bpr,0.039652399718761444
train,cf-bpr,0.035570476204156876
train,cf-bpr,0.03724253550171852
train,cf-bpr,0.036881592124700546
train,cf-bpr,0.03671502321958542
train,cf-bpr,0.046904806047677994
train,cf-bpr,0.03200744837522507
train,cf-bpr,0.036226529628038406
train,cf-bpr,0.07283490151166916
train,cf-bpr,0.04186234250664711
train,cf-bpr,0.03568948060274124
train,cf-bpr,0.027582114562392235
train,cf-bpr,0.046756040304899216
train,cf-bpr,0.03632811829447746
train,cf-bpr,0.03552635386586189
train,cf-bpr,0.050465743988752365
train,cf-bpr,0.04246431216597557
train,cf-bpr,0.033129237592220306
train,cf-bpr,0.07240716367959976
train,cf-bpr,0.028733357787132263
train,cf-bpr,0.0353165864944458
train,cf-bpr,0.03531378135085106
train,cf-bpr,0.05718913674354553
train,cf-bpr,0.04451088234782219
train,cf-bpr,0.02755076438188553
train,cf-bpr,0.02572275884449482
train,cf-bpr,0.03544575348496437
train,cf-bpr,0.03532993420958519
train,cf-bpr,0.04488123580813408
train,cf-bpr,0.03147990629076958
train,cf-bpr,0.0402572937309742
train,cf-bpr,0.02643682062625885
train,cf-bpr,0.04700588434934616
train,cf-bpr,0.03897586092352867
train,cf-bpr,0.0307747982442379
train,cf-bpr,0.0395505353808403
train,cf-bpr,0.054498109966516495
train,cf-bpr,0.03576095774769783
train,cf-bpr,0.03569309785962105
train,cf-bpr,0.03163101151585579
train,cf-bpr,0.0368819385766983
train,cf-bpr,0.03934672474861145
train,cf-bpr,0.027879254892468452
train,cf-bpr,0.03769981488585472
train,cf-bpr,0.040350399911403656
train,cf-bpr,0.039803098887205124
train,cf-bpr,0.0365799143910408
train,cf-bpr,0.03319563344120979
train,cf-bpr,0.035300347954034805
train,cf-bpr,0.03754536435008049
train,cf-bpr,0.05021097883582115
train,cf-bpr,0.03524979576468468
train,cf-bpr,0.03392530232667923
train,cf-bpr,0.05377767235040665
train,cf-bpr,0.03027045913040638
train,cf-bpr,0.03756919875741005
train,cf-bpr,0.04436391964554787
train,cf-bpr,0.028603432700037956
train,cf-bpr,0.04187062755227089
train,cf-bpr,0.03526728227734566
train,cf-bpr,0.0315675288438797
train,cf-bpr,0.03248150646686554
train,cf-bpr,0.0365646556019783
train,cf-bpr,0.05194149166345596
train,cf-bpr,0.033746566623449326
train,cf-bpr,0.03450538590550423
train,cf-bpr,0.04327687993645668
train,cf-bpr,0.028156783431768417
train,cf-bpr,0.03632781282067299
train,cf-bpr,0.034405361860990524
train,cf-bpr,0.09003940224647522
train,cf-bpr,0.04247527942061424
train,cf-bpr,0.02823643386363983
train,cf-bpr,0.040028803050518036
train,cf-bpr,0.04663476347923279
train,cf-bpr,0.05261499807238579
train,cf-bpr,0.04118547961115837
train,cf-bpr,0.04387794807553291
train,cf-bpr,0.037944432348012924
train,cf-bpr,0.034689802676439285
train,cf-bpr,0.0498158261179924
train,cf-bpr,0.03584521636366844
train,cf-bpr,0.03303945064544678
train,cf-bpr,0.03768983110785484
train,cf-bpr,0.03221486881375313
train,cf-bpr,0.0457780621945858
train,cf-bpr,0.03342458978295326
train,cf-bpr,0.042751245200634
train,cf-bpr,0.047627151012420654
train,cf-bpr,0.03215567395091057
train,cf-bpr,0.05479291453957558
train,cf-bpr,0.042023107409477234
train,cf-bpr,0.036367811262607574
train,cf-bpr,0.038333505392074585
train,cf-bpr,0.053885526955127716
train,cf-bpr,0.036094240844249725
train,cf-bpr,0.034170955419540405
train,cf-bpr,0.043443989008665085
train,cf-bpr,0.046274472028017044
train,cf-bpr,0.06596910953521729
train,cf-bpr,0.03775613382458687
train,cf-bpr,0.0371461883187294
train,cf-bpr,0.04293271526694298
train,cf-bpr,0.044648125767707825
train,cf-bpr,0.04692929983139038
train,cf-bpr,0.042843420058488846
train,cf-bpr,0.040558427572250366
train,cf-bpr,0.04425005242228508
train,cf-bpr,0.058749012649059296
train,cf-bpr,0.04481789842247963
train,cf-bpr,0.0365351065993309
train,cf-bpr,0.043867457658052444
train,cf-bpr,0.038279417902231216
train,cf-bpr,0.04256678372621536
train,cf-bpr,0.05310579761862755
train,cf-bpr,0.07955069839954376
train,cf-bpr,0.043245457112789154
train,cf-bpr,0.03229916840791702
train,cf-bpr,0.03396858647465706
train,cf-bpr,0.03329511359333992
train,cf-bpr,0.07546830922365189
train,cf-bpr,0.041356123983860016
train,cf-bpr,0.02786133624613285
train,cf-bpr,0.06685148179531097
train,cf-bpr,0.04441714286804199
train,cf-bpr,0.032212842255830765
train,cf-bpr,0.03516191989183426
train,cf-bpr,0.04150630161166191
train,cf-bpr,0.040124937891960144
train,cf-bpr,0.05148903653025627
train,cf-bpr,0.029677394777536392
train,cf-bpr,0.05646352469921112
train,cf-bpr,0.03353428840637207
train,cf-bpr,0.03497158735990524
train,cf-bpr,0.046850524842739105
train,cf-bpr,0.048643823713064194
train,cf-bpr,0.032504137605428696
train,cf-bpr,0.02983989380300045
train,cf-bpr,0.03466146066784859
train,cf-bpr,0.036309514194726944
train,cf-bpr,0.030788064002990723
train,cf-bpr,0.03644062578678131
train,cf-bpr,0.03248113766312599
train,cf-bpr,0.047060515731573105
train,cf-bpr,0.039280831813812256
train,cf-bpr,0.0341363325715065
train,cf-bpr,0.05810951068997383
train,cf-bpr,0.03456450626254082
train,cf-bpr,0.0394747368991375
train,cf-bpr,0.041306547820568085
train,cf-bpr,0.03494223579764366
train,cf-bpr,0.04670820012688637
train,cf-bpr,0.04167945310473442
train,cf-bpr,0.10977146029472351
train,cf-bpr,0.059585317969322205
train,cf-bpr,0.030567942187190056
train,cf-bpr,0.0558944046497345
train,cf-bpr,0.04149005189538002
train,cf-bpr,0.03727000206708908
train,cf-bpr,0.046491704881191254
train,cf-bpr,0.03915824368596077
train,cf-bpr,0.03686615452170372
train,cf-bpr,0.028576524928212166
train,cf-bpr,0.0381043404340744
train,cf-bpr,0.02749636396765709
train,cf-bpr,0.034227266907691956
train,cf-bpr,0.02856750413775444
train,cf-bpr,0.0327533595263958
train,cf-bpr,0.02899768017232418
train,cf-bpr,0.03402777388691902
train,cf-bpr,0.034277427941560745
train,cf-bpr,0.03638426959514618
train,cf-bpr,0.026488840579986572
train,cf-bpr,0.03250083699822426
train,cf-bpr,0.06847380101680756
train,cf-bpr,0.0481867715716362
train,cf-bpr,0.032280273735523224
train,cf-bpr,0.057262126356363297
train,cf-bpr,0.03616781160235405
train,cf-bpr,0.03391927853226662
train,cf-bpr,0.0406615249812603
train,cf-bpr,0.03621905297040939
train,cf-bpr,0.05171743035316467
train,cf-bpr,0.03568051755428314
train,cf-bpr,0.032486073672771454
train,cf-bpr,0.04779072850942612
train,cf-bpr,0.05391985550522804
train,cf-bpr,0.055249445140361786
train,cf-bpr,0.04392653703689575
train,cf-bpr,0.04357992485165596
train,cf-bpr,0.027864165604114532
train,cf-bpr,0.03195612132549286
train,cf-bpr,0.058693528175354004
train,cf-bpr,0.04475659132003784
train,cf-bpr,0.10416600853204727
train,cf-bpr,0.04629062861204147
train,cf-bpr,0.03985416889190674
train,cf-bpr,0.04037904739379883
train,cf-bpr,0.043513767421245575
train,cf-bpr,0.04475182667374611
train,cf-bpr,0.04642755910754204
train,cf-bpr,0.03911667317152023
train,cf-bpr,0.033654529601335526
train,cf-bpr,0.027579059824347496
train,cf-bpr,0.04710320010781288
train,cf-bpr,0.047588396817445755
train,cf-bpr,0.038752876222133636
train,cf-bpr,0.04500620812177658
train,cf-bpr,0.03365229442715645
train,cf-bpr,0.031664784997701645
train,cf-bpr,0.02621382102370262
train,cf-bpr,0.03508491441607475
train,cf-bpr,0.03594513610005379
train,cf-bpr,0.029134949669241905
train,cf-bpr,0.03603706136345863
train,cf-bpr,0.033837299793958664
train,cf-bpr,0.034032244235277176
train,cf-bpr,0.04081762582063675
train,cf-bpr,0.033033065497875214
train,cf-bpr,0.03375161439180374
train,cf-bpr,0.03869185224175453
train,cf-bpr,0.06701994687318802
train,cf-bpr,0.023252910003066063
train,cf-bpr,0.05893320590257645
train,cf-bpr,0.040171027183532715
train,cf-bpr,0.03431624919176102
train,cf-bpr,0.058895356953144073
train,cf-bpr,0.03342278301715851
train,cf-bpr,0.04054545238614082
train,cf-bpr,0.03763948008418083
train,cf-bpr,0.0395125187933445
train,cf-bpr,0.042351797223091125
train,cf-bpr,0.030642148107290268
train,cf-bpr,0.03375007584691048
train,cf-bpr,0.03337112441658974
train,cf-bpr,0.03232225030660629
train,cf-bpr,0.0429217554628849
train,cf-bpr,0.07641936093568802
train,cf-bpr,0.03350561857223511
train,cf-bpr,0.04115618020296097
train,cf-bpr,0.0694107860326767
train,cf-bpr,0.036832045763731
train,cf-bpr,0.04775283485651016
train,cf-bpr,0.03185347095131874
train,cf-bpr,0.030438320711255074
train,cf-bpr,0.036678675562143326
train,cf-bpr,0.045065585523843765
train,cf-bpr,0.03569939732551575
train,cf-bpr,0.033589981496334076
train,cf-bpr,0.026145756244659424
train,cf-bpr,0.03900085762143135
train,cf-bpr,0.038890939205884933
train,cf-bpr,0.043698497116565704
train,cf-bpr,0.040207475423812866
train,cf-bpr,0.030155066400766373
train,cf-bpr,0.05178963020443916
train,cf-bpr,0.030325673520565033
train,cf-bpr,0.03319323807954788
train,cf-bpr,0.04845139756798744
train,cf-bpr,0.029898492619395256
train,cf-bpr,0.03602668270468712
train,cf-bpr,0.0357026681303978
train,cf-bpr,0.027305254712700844
train,cf-bpr,0.031555164605379105
train,cf-bpr,0.04712429270148277
train,cf-bpr,0.02908860705792904
train,cf-bpr,0.03520591929554939
train,cf-bpr,0.04142900928854942
train,cf-bpr,0.034043390303850174
train,cf-bpr,0.037791747599840164
train,cf-bpr,0.03925458714365959
train,cf-bpr,0.02981666661798954
train,cf-bpr,0.03399975225329399
train,cf-bpr,0.028825033456087112
train,cf-bpr,0.04355268552899361
train,cf-bpr,0.05386517941951752
train,cf-bpr,0.04057855159044266
train,cf-bpr,0.030888760462403297
train,cf-bpr,0.04526899382472038
train,cf-bpr,0.04468570277094841
train,cf-bpr,0.04790935665369034
train,cf-bpr,0.029490528628230095
train,cf-bpr,0.03647373989224434
train,cf-bpr,0.03927500173449516
train,cf-bpr,0.04119107127189636
train,cf-bpr,0.03247753530740738
train,cf-bpr,0.040327563881874084
train,cf-bpr,0.13647589087486267
train,cf-bpr,0.026271259412169456
train,cf-bpr,0.02939140982925892
train,cf-bpr,0.03597377985715866
train,cf-bpr,0.039762094616889954
train,cf-bpr,0.03524229675531387
train,cf-bpr,0.03602573275566101
train,cf-bpr,0.0430956706404686
train,cf-bpr,0.031343523412942886
train,cf-bpr,0.03922790288925171
train,cf-bpr,0.039440467953681946
train,cf-bpr,0.0313786044716835
train,cf-bpr,0.03653477504849434
train,cf-bpr,0.05640885978937149
train,cf-bpr,0.03982791304588318
train,cf-bpr,0.03456814959645271
train,cf-bpr,0.025981614366173744
train,cf-bpr,0.03911677002906799
train,cf-bpr,0.09576818346977234
train,cf-bpr,0.04832266643643379
train,cf-bpr,0.03497359901666641
train,cf-bpr,0.05731978267431259
train,cf-bpr,0.04272083938121796
train,cf-bpr,0.03733418509364128
train,cf-bpr,0.03258448466658592
train,cf-bpr,0.04241218790411949
train,cf-bpr,0.03711674362421036
train,cf-bpr,0.032264236360788345
train,cf-bpr,0.0301930233836174
train,cf-bpr,0.032299913465976715
train,cf-bpr,0.07372459024190903
train,cf-bpr,0.06334158033132553
train,cf-bpr,0.06277332454919815
train,cf-bpr,0.02937428653240204
train,cf-bpr,0.04084474965929985
train,cf-bpr,0.026336008682847023
train,cf-bpr,0.03920669108629227
train,cf-bpr,0.033940669149160385
train,cf-bpr,0.05726171284914017
train,cf-bpr,0.037599798291921616
train,cf-bpr,0.03218650817871094
train,cf-bpr,0.0441262312233448
train,cf-bpr,0.04115644469857216
train,cf-bpr,0.049737222492694855
train,cf-bpr,0.03435499593615532
train,cf-bpr,0.04138258472084999
train,cf-bpr,0.030553139746189117
train,cf-bpr,0.04243288189172745
train,cf-bpr,0.038994841277599335
train,cf-bpr,0.027240153402090073
train,cf-bpr,0.026863500475883484
train,cf-bpr,0.037713468074798584
train,cf-bpr,0.03532128036022186
train,cf-bpr,0.037895604968070984
train,cf-bpr,0.03292624279856682
train,cf-bpr,0.028095925226807594
train,cf-bpr,0.0375286228954792
train,cf-bpr,0.051043085753917694
train,cf-bpr,0.03896727412939072
train,cf-bpr,0.03851516172289848
train,cf-bpr,0.03533707931637764
train,cf-bpr,0.04281189665198326
train,cf-bpr,0.04985571652650833
train,cf-bpr,0.042100828140974045
train,cf-bpr,0.028706395998597145
train,cf-bpr,0.041213106364011765
train,cf-bpr,0.035567160695791245
train,cf-bpr,0.03622259572148323
train,cf-bpr,0.060102932155132294
train,cf-bpr,0.045043013989925385
train,cf-bpr,0.029711781069636345
train,cf-bpr,0.03193390369415283
train,cf-bpr,0.040437765419483185
train,cf-bpr,0.04011552780866623
train,cf-bpr,0.039342284202575684
train,cf-bpr,0.03787121921777725
train,cf-bpr,0.05807926878333092
train,cf-bpr,0.04139621928334236
train,cf-bpr,0.042222049087285995
train,cf-bpr,0.027816442772746086
train,cf-bpr,0.03451612964272499
train,cf-bpr,0.04505579173564911
train,cf-bpr,0.09406469762325287
train,cf-bpr,0.041741158813238144
train,cf-bpr,0.025037236511707306
train,cf-bpr,0.04175823554396629
train,cf-bpr,0.04719356819987297
train,cf-bpr,0.04744618013501167
train,cf-bpr,0.05620329827070236
train,cf-bpr,0.12096243351697922
train,cf-bpr,0.03677728399634361
train,cf-bpr,0.042898278683423996
train,cf-bpr,0.030132243409752846
train,cf-bpr,0.058055516332387924
train,cf-bpr,0.04465946555137634
train,cf-bpr,0.04179736226797104
train,cf-bpr,0.036839649081230164
train,cf-bpr,0.04441848024725914
train,cf-bpr,0.04065351188182831
train,cf-bpr,0.03463691473007202
train,cf-bpr,0.0368775874376297
train,cf-bpr,0.041063446551561356
train,cf-bpr,0.023872986435890198
train,cf-bpr,0.05207309126853943
train,cf-bpr,0.03486860916018486
train,cf-bpr,0.034150902181863785
train,cf-bpr,0.0316556915640831
train,cf-bpr,0.03659892827272415
train,cf-bpr,0.034786585718393326
train,cf-bpr,0.03066221810877323
train,cf-bpr,0.03621790185570717
train,cf-bpr,0.04090414196252823
train,cf-bpr,0.03428170830011368
train,cf-bpr,0.08352123200893402
train,cf-bpr,0.052854105830192566
train,cf-bpr,0.028299402445554733
train,cf-bpr,0.038126390427351
train,cf-bpr,0.03515103831887245
train,cf-bpr,0.024977266788482666
train,cf-bpr,0.049038663506507874
train,cf-bpr,0.040953535586595535
train,cf-bpr,0.03350146487355232
train,cf-bpr,0.03560613468289375
train,cf-bpr,0.045532722026109695
train,cf-bpr,0.029554395005106926
train,cf-bpr,0.02907814271748066
train,cf-bpr,0.029051557183265686
train,cf-bpr,0.04281988739967346
train,cf-bpr,0.044485632330179214
train,cf-bpr,0.035812780261039734
train,cf-bpr,0.031011095270514488
train,cf-bpr,0.03643299639225006
train,cf-bpr,0.02657615765929222
train,cf-bpr,0.03569323569536209
train,cf-bpr,0.04435749724507332
train,cf-bpr,0.044802285730838776
train,cf-bpr,0.052400220185518265
train,cf-bpr,0.036875274032354355
train,cf-bpr,0.04572879150509834
train,cf-bpr,0.04184368625283241
train,cf-bpr,0.02592865563929081
train,cf-bpr,0.037368349730968475
train,cf-bpr,0.03605487942695618
train,cf-bpr,0.029233507812023163
train,cf-bpr,0.03928797319531441
train,cf-bpr,0.03280622512102127
train,cf-bpr,0.03849681839346886
train,cf-bpr,0.036443740129470825
train,cf-bpr,0.03889290615916252
train,cf-bpr,0.03785896673798561
train,cf-bpr,0.03759414330124855
train,cf-bpr,0.03364022448658943
train,cf-bpr,0.040734827518463135
train,cf-bpr,0.06635407358407974
train,cf-bpr,0.06100466474890709
train,cf-bpr,0.0393863283097744
train,cf-bpr,0.030503377318382263
train,cf-bpr,0.03946990519762039
train,cf-bpr,0.04086263105273247
train,cf-bpr,0.025795435532927513
train,cf-bpr,0.036075834184885025
train,cf-bpr,0.03784731402993202
train,cf-bpr,0.052618399262428284
train,cf-bpr,0.0283826794475317
train,cf-bpr,0.042011477053165436
train,cf-bpr,0.0414334312081337
train,cf-bpr,0.03978569433093071
train,cf-bpr,0.042915139347314835
train,cf-bpr,0.037595491856336594
train,cf-bpr,0.04512252286076546
train,cf-bpr,0.0391312874853611
train,cf-bpr,0.07187864184379578
train,cf-bpr,0.048361144959926605
train,cf-bpr,0.057100605219602585
train,cf-bpr,0.03035629354417324
train,cf-bpr,0.031702592968940735
train,cf-bpr,0.07475986331701279
train,cf-bpr,0.03394148126244545
train,cf-bpr,0.028352446854114532
train,cf-bpr,0.036090921610593796
train,cf-bpr,0.053146716207265854
train,cf-bpr,0.027991466224193573
train,cf-bpr,0.04047323763370514
train,cf-bpr,0.04030618071556091
train,cf-bpr,0.04245687648653984
train,cf-bpr,0.034546758979558945
train,cf-bpr,0.03693435341119766
train,cf-bpr,0.03168681263923645
train,cf-bpr,0.04429468885064125
train,cf-bpr,0.03303365036845207
train,cf-bpr,0.038313936442136765
train,cf-bpr,0.08037003129720688
train,cf-bpr,0.0437195785343647
train,cf-bpr,0.032097507268190384
train,cf-bpr,0.045950207859277725
train,cf-bpr,0.030752606689929962
train,cf-bpr,0.029797600582242012
train,cf-bpr,0.027407987043261528
train,cf-bpr,0.03182152286171913
train,cf-bpr,0.04379727691411972
train,cf-bpr,0.029698112979531288
train,cf-bpr,0.03236151859164238
train,cf-bpr,0.05534582585096359
train,cf-bpr,0.0294042881578207
train,cf-bpr,0.03543929383158684
train,cf-bpr,0.02989199571311474
train,cf-bpr,0.04271744191646576
train,cf-bpr,0.047800760716199875
train,cf-bpr,0.043513666838407516
train,cf-bpr,0.03192255645990372
train,cf-bpr,0.03587701544165611
train,cf-bpr,0.05826207622885704
train,cf-bpr,0.04221022501587868
train,cf-bpr,0.03581814840435982
train,cf-bpr,0.06908086687326431
train,cf-bpr,0.033288512378931046
train,cf-bpr,0.07469263672828674
train,cf-bpr,0.03402220830321312
train,cf-bpr,0.04092938080430031
train,cf-bpr,0.03937391936779022
train,cf-bpr,0.04096732288599014
train,cf-bpr,0.030359143391251564
train,cf-bpr,0.04222922399640083
train,cf-bpr,0.03228180855512619
train,cf-bpr,0.0411481037735939
train,cf-bpr,0.0316445417702198
train,cf-bpr,0.03452134132385254
train,cf-bpr,0.036079950630664825
train,cf-bpr,0.03511227294802666
train,cf-bpr,0.03777139633893967
train,cf-bpr,0.05226168408989906
train,cf-bpr,0.029022514820098877
train,cf-bpr,0.05364488810300827
train,cf-bpr,0.03293944150209427
train,cf-bpr,0.02801360748708248
train,cf-bpr,0.0419095903635025
train,cf-bpr,0.04288920760154724
train,cf-bpr,0.031221851706504822
train,cf-bpr,0.02790728211402893
train,cf-bpr,0.0410737507045269
train,cf-bpr,0.049778182059526443
train,cf-bpr,0.044721148908138275
train,cf-bpr,0.04844038933515549
train,cf-bpr,0.040333911776542664
train,cf-bpr,0.05188819393515587
train,cf-bpr,0.03933095559477806
train,cf-bpr,0.0471097007393837
train,cf-bpr,0.02761029452085495
train,cf-bpr,0.032825715839862823
train,cf-bpr,0.04080440476536751
train,cf-bpr,0.03844895586371422
train,cf-bpr,0.038458243012428284
train,cf-bpr,0.032122377306222916
train,cf-bpr,0.04698546230792999
train,cf-bpr,0.033185701817274094
train,cf-bpr,0.036370038986206055
train,cf-bpr,0.03315471112728119
train,cf-bpr,0.03679768368601799
train,cf-bpr,0.03395584225654602
train,cf-bpr,0.03274247795343399
train,cf-bpr,0.035582609474658966
train,cf-bpr,0.044246405363082886
train,cf-bpr,0.041756901890039444
train,cf-bpr,0.039501745253801346
train,cf-bpr,0.02636922337114811
train,cf-bpr,0.05124171823263168
train,cf-bpr,0.033518269658088684
train,cf-bpr,0.032749712467193604
train,cf-bpr,0.03415846452116966
train,cf-bpr,0.055588725954294205
train,cf-bpr,0.03447499871253967
train,cf-bpr,0.03917066380381584
train,cf-bpr,0.036140356212854385
train,cf-bpr,0.044021375477313995
train,cf-bpr,0.03599705919623375
train,cf-bpr,0.04491378739476204
train,cf-bpr,0.03597687557339668
train,cf-bpr,0.03023974783718586
train,cf-bpr,0.03957973048090935
train,cf-bpr,0.04149005562067032
train,cf-bpr,0.03546438366174698
train,cf-bpr,0.027053795754909515
train,cf-bpr,0.03226413577795029
train,cf-bpr,0.028241558000445366
train,cf-bpr,0.06621358543634415
train,cf-bpr,0.03065408021211624
train,cf-bpr,0.026633651927113533
train,cf-bpr,0.03291231393814087
train,cf-bpr,0.03821467235684395
train,cf-bpr,0.05044283717870712
train,cf-bpr,0.030714571475982666
train,cf-bpr,0.035533733665943146
train,cf-bpr,0.03750785440206528
train,cf-bpr,0.033895548433065414
train,cf-bpr,0.033045172691345215
train,cf-bpr,0.055305927991867065
train,cf-bpr,0.03269309177994728
train,cf-bpr,0.027360640466213226
train,cf-bpr,0.041339773684740067
train,cf-bpr,0.04116831347346306
train,cf-bpr,0.04042625054717064
train,cf-bpr,0.0432194359600544
train,cf-bpr,0.048131514340639114
train,cf-bpr,0.031192202121019363
train,cf-bpr,0.037481050938367844
train,cf-bpr,0.03870905563235283
train,cf-bpr,0.03275454416871071
train,cf-bpr,0.035520318895578384
train,cf-bpr,0.05280690640211105
train,cf-bpr,0.04849153384566307
train,cf-bpr,0.02903592959046364
train,cf-bpr,0.04038207605481148
train,cf-bpr,0.047658808529376984
train,cf-bpr,0.03424565866589546
train,cf-bpr,0.05393579974770546
train,cf-bpr,0.027864797040820122
train,cf-bpr,0.0345015674829483
train,cf-bpr,0.03931213915348053
train,cf-bpr,0.03590201586484909
train,cf-bpr,0.04975207522511482
train,cf-bpr,0.030662406235933304
train,cf-bpr,0.03899276629090309
train,cf-bpr,0.03641895949840546
train,cf-bpr,0.03164470195770264
train,cf-bpr,0.04108763113617897
train,cf-bpr,0.03242476284503937
train,cf-bpr,0.035529959946870804
train,cf-bpr,0.03887590765953064
train,cf-bpr,0.040423434227705
train,cf-bpr,0.04000449925661087
train,cf-bpr,0.03127486631274223
train,cf-bpr,0.038657285273075104
train,cf-bpr,0.029107820242643356
train,cf-bpr,0.0329928956925869
train,cf-bpr,0.03157300874590874
train,cf-bpr,0.032921016216278076
train,cf-bpr,0.027579644694924355
train,cf-bpr,0.04381556808948517
train,cf-bpr,0.032230716198682785
train,cf-bpr,0.04008079320192337
train,cf-bpr,0.03533294051885605
train,cf-bpr,0.046297211199998856
train,cf-bpr,0.036910053342580795
train,cf-bpr,0.04604608938097954
train,cf-bpr,0.0410519503057003
train,cf-bpr,0.039028555154800415
train,cf-bpr,0.030275573953986168
train,cf-bpr,0.049278732389211655
train,cf-bpr,0.03791544586420059
train,cf-bpr,0.03923264518380165
train,cf-bpr,0.02756081148982048
train,cf-bpr,0.04135037586092949
train,cf-bpr,0.030508365482091904
train,cf-bpr,0.046909231692552567
train,cf-bpr,0.03799648582935333
train,cf-bpr,0.0830325111746788
train,cf-bpr,0.032723478972911835
train,cf-bpr,0.03387405723333359
train,cf-bpr,0.039861779659986496
train,cf-bpr,0.029588185250759125
train,cf-bpr,0.0314343199133873
train,cf-bpr,0.04131786897778511
train,cf-bpr,0.06808840483427048
train,cf-bpr,0.032819971442222595
train,cf-bpr,0.035659026354551315
train,cf-bpr,0.03790461644530296
train,cf-bpr,0.040578607469797134
train,cf-bpr,0.031134970486164093
train,cf-bpr,0.031908269971609116
train,cf-bpr,0.05246913433074951
train,cf-bpr,0.04068180173635483
train,cf-bpr,0.04302617907524109
train,cf-bpr,0.025560026988387108
train,cf-bpr,0.042110491544008255
train,cf-bpr,0.031921934336423874
train,cf-bpr,0.05070332810282707
train,cf-bpr,0.04669841751456261
train,cf-bpr,0.046705227345228195
train,cf-bpr,0.03268412500619888
train,cf-bpr,0.030432788655161858
train,cf-bpr,0.04539552703499794
train,cf-bpr,0.0329522080719471
train,cf-bpr,0.032179709523916245
train,cf-bpr,0.04184086248278618
train,cf-bpr,0.03666214644908905
train,cf-bpr,0.04122641310095787
train,cf-bpr,0.03750094771385193
train,cf-bpr,0.0321694053709507
train,cf-bpr,0.040883079171180725
train,cf-bpr,0.04174717515707016
train,cf-bpr,0.04593672230839729
train,cf-bpr,0.03360707685351372
train,cf-bpr,0.036400530487298965
train,cf-bpr,0.02686745673418045
train,cf-bpr,0.03709115833044052
train,cf-bpr,0.03618890792131424
train,cf-bpr,0.03660675138235092
train,cf-bpr,0.03590036928653717
train,cf-bpr,0.033329762518405914
train,cf-bpr,0.026871945708990097
train,cf-bpr,0.02856365032494068
train,cf-bpr,0.03378434479236603
train,cf-bpr,0.0333191379904747
train,cf-bpr,0.039887238293886185
train,cf-bpr,0.039075303822755814
train,cf-bpr,0.03441431745886803
train,cf-bpr,0.048342470079660416
train,cf-bpr,0.03543974086642265
train,cf-bpr,0.03418287634849548
train,cf-bpr,0.03307833522558212
train,cf-bpr,0.030815299600362778
train,cf-bpr,0.039862144738435745
train,cf-bpr,0.04898003861308098
train,cf-bpr,0.0790480300784111
train,cf-bpr,0.026176581159234047
train,cf-bpr,0.03381780907511711
train,cf-bpr,0.02859315648674965
train,cf-bpr,0.02937595173716545
train,cf-bpr,0.05228326842188835
train,cf-bpr,0.034857649356126785
train,cf-bpr,0.05119181051850319
train,cf-bpr,0.043485499918460846
train,cf-bpr,0.04835476353764534
train,cf-bpr,0.06854221969842911
train,cf-bpr,0.03469238430261612
train,cf-bpr,0.02988731861114502
train,cf-bpr,0.04209006205201149
train,cf-bpr,0.0549156628549099
train,cf-bpr,0.03271427005529404
train,cf-bpr,0.03868858888745308
train,cf-bpr,0.03708045184612274
train,cf-bpr,0.037815678864717484
train,cf-bpr,0.029086409136652946
train,cf-bpr,0.039076343178749084
train,cf-bpr,0.03749970346689224
train,cf-bpr,0.05052753910422325
train,cf-bpr,0.047555673867464066
train,cf-bpr,0.04115641862154007
train,cf-bpr,0.04255503788590431
train,cf-bpr,0.03835323825478554
train,cf-bpr,0.036515217274427414
train,cf-bpr,0.030761005356907845
train,cf-bpr,0.025134030729532242
train,cf-bpr,0.03865708038210869
train,cf-bpr,0.04290787875652313
train,cf-bpr,0.03305456042289734
train,cf-bpr,0.03333893418312073
train,cf-bpr,0.03997153043746948
train,cf-bpr,0.031031833961606026
train,cf-bpr,0.035776592791080475
train,cf-bpr,0.04290633648633957
train,cf-bpr,0.03530271723866463
train,cf-bpr,0.02955406717956066
train,cf-bpr,0.03185536339879036
train,cf-bpr,0.05351214110851288
train,cf-bpr,0.07531473785638809
train,cf-bpr,0.05974253639578819
train,cf-bpr,0.031568676233291626
train,cf-bpr,0.03284534066915512
train,cf-bpr,0.02545926347374916
train,cf-bpr,0.03502509742975235
train,cf-bpr,0.054301925003528595
train,cf-bpr,0.033812690526247025
train,cf-bpr,0.037416908890008926
train,cf-bpr,0.03716704994440079
train,cf-bpr,0.045278143137693405
train,cf-bpr,0.030842281877994537
train,cf-bpr,0.03716184198856354
train,cf-bpr,0.032032378017902374
train,cf-bpr,0.02734226919710636
train,cf-bpr,0.03574463725090027
train,cf-bpr,0.030446933582425117
train,cf-bpr,0.03250930458307266
train,cf-bpr,0.0260243471711874
train,cf-bpr,0.031099293380975723
train,cf-bpr,0.042576178908348083
train,cf-bpr,0.03005172871053219
train,cf-bpr,0.04132203012704849
train,cf-bpr,0.035226333886384964
train,cf-bpr,0.03597022965550423
train,cf-bpr,0.029161961749196053
train,cf-bpr,0.05381479859352112
train,cf-bpr,0.039230961352586746
train,cf-bpr,0.03311139717698097
train,cf-bpr,0.0489959679543972
train,cf-bpr,0.04420211911201477
train,cf-bpr,0.0496724434196949
train,cf-bpr,0.034480877220630646
train,cf-bpr,0.03159064054489136
train,cf-bpr,0.04180559888482094
train,cf-bpr,0.03445785865187645
train,cf-bpr,0.05390828847885132
train,cf-bpr,0.03458414226770401
train,cf-bpr,0.034285519272089005
train,cf-bpr,0.045719489455223083
train,cf-bpr,0.03614199161529541
train,cf-bpr,0.03644663468003273
train,cf-bpr,0.03716728836297989
train,cf-bpr,0.03426443412899971
train,cf-bpr,0.04804670810699463
train,cf-bpr,0.03537941351532936
train,cf-bpr,0.03116236813366413
train,cf-bpr,0.06329996138811111
train,cf-bpr,0.039082758128643036
train,cf-bpr,0.05203840881586075
train,cf-bpr,0.04736749082803726
train,cf-bpr,0.04745754227042198
train,cf-bpr,0.06567346304655075
train,cf-bpr,0.04248321056365967
train,cf-bpr,0.04401106387376785
train,cf-bpr,0.039513129740953445
train,cf-bpr,0.03635986149311066
train,cf-bpr,0.03288241848349571
train,cf-bpr,0.04356387257575989
train,cf-bpr,0.03555380925536156
train,cf-bpr,0.048414308577775955
train,cf-bpr,0.04180585592985153
train,cf-bpr,0.0361921451985836
train,cf-bpr,0.10732516646385193
train,cf-bpr,0.050299543887376785
train,cf-bpr,0.03739262372255325
train,cf-bpr,0.03609912842512131
train,cf-bpr,0.05132239684462547
train,cf-bpr,0.03911864385008812
train,cf-bpr,0.044513896107673645
train,cf-bpr,0.04232943058013916
train,cf-bpr,0.0400272011756897
train,cf-bpr,0.04832196980714798
train,cf-bpr,0.052577488124370575
train,cf-bpr,0.04421333223581314
train,cf-bpr,0.03805050998926163
train,cf-bpr,0.03554529696702957
train,cf-bpr,0.05170227214694023
train,cf-bpr,0.02505885250866413
train,cf-bpr,0.029261233285069466
train,cf-bpr,0.037976738065481186
train,cf-bpr,0.028347475454211235
train,cf-bpr,0.0328327901661396
train,cf-bpr,0.042514558881521225
train,cf-bpr,0.03248504176735878
train,cf-bpr,0.04821733757853508
train,cf-bpr,0.03189478814601898
train,cf-bpr,0.10705586522817612
train,cf-bpr,0.03485213220119476
train,cf-bpr,0.03489132970571518
train,cf-bpr,0.03329681605100632
train,cf-bpr,0.031621769070625305
train,cf-bpr,0.04036502167582512
train,cf-bpr,0.04149483144283295
train,cf-bpr,0.024438902735710144
train,cf-bpr,0.03864374756813049
train,cf-bpr,0.03554951399564743
train,cf-bpr,0.04982515797019005
train,cf-bpr,0.047508031129837036
train,cf-bpr,0.034161947667598724
train,cf-bpr,0.038338493555784225
train,cf-bpr,0.04913350194692612
train,cf-bpr,0.03888342157006264
train,cf-bpr,0.041868120431900024
train,cf-bpr,0.037039801478385925
train,cf-bpr,0.033847253769636154
train,cf-bpr,0.030592288821935654
train,cf-bpr,0.029742348939180374
train,cf-bpr,0.03123212233185768
train,cf-bpr,0.030176669359207153
train,cf-bpr,0.10322197526693344
train,cf-bpr,0.03719083592295647
train,cf-bpr,0.03851163014769554
train,cf-bpr,0.04409201815724373
train,cf-bpr,0.029671363532543182
train,cf-bpr,0.040857944637537
train,cf-bpr,0.037188440561294556
train,cf-bpr,0.0370982401072979
train,cf-bpr,0.027585534378886223
train,cf-bpr,0.032049354165792465
train,cf-bpr,0.04999992996454239
train,cf-bpr,0.029971223324537277
train,cf-bpr,0.03283371403813362
train,cf-bpr,0.03680592030286789
train,cf-bpr,0.08595486730337143
train,cf-bpr,0.04182230308651924
train,cf-bpr,0.04502681642770767
train,cf-bpr,0.028971528634428978
train,cf-bpr,0.035819653421640396
train,cf-bpr,0.0365208238363266
train,cf-bpr,0.03588065505027771
train,cf-bpr,0.04067373648285866
train,cf-bpr,0.022855224087834358
train,cf-bpr,0.055522698909044266
train,cf-bpr,0.05133717507123947
train,cf-bpr,0.037886783480644226
train,cf-bpr,0.03811109811067581
train,cf-bpr,0.0736570954322815
train,cf-bpr,0.032044488936662674
train,cf-bpr,0.05229056254029274
train,cf-bpr,0.032432883977890015
train,cf-bpr,0.026216061785817146
train,cf-bpr,0.03955088555812836
train,cf-bpr,0.046884458512067795
train,cf-bpr,0.05053487792611122
train,cf-bpr,0.03317393362522125
train,cf-bpr,0.056415144354104996
train,cf-bpr,0.040690697729587555
train,cf-bpr,0.042133964598178864
train,cf-bpr,0.05069158971309662
train,cf-bpr,0.03810320794582367
train,cf-bpr,0.051945462822914124
train,cf-bpr,0.11986299604177475
train,cf-bpr,0.042318813502788544
train,cf-bpr,0.031608641147613525
train,cf-bpr,0.03491776064038277
train,cf-bpr,0.043595798313617706
train,cf-bpr,0.03084157593548298
train,cf-bpr,0.037783414125442505
train,cf-bpr,0.046379454433918
train,cf-bpr,0.027440190315246582
train,cf-bpr,0.032941751182079315
train,cf-bpr,0.03784060478210449
train,cf-bpr,0.03943788260221481
train,cf-bpr,0.043047718703746796
train,cf-bpr,0.041797615587711334
train,cf-bpr,0.03958751633763313
train,cf-bpr,0.041010480374097824
train,cf-bpr,0.034777406603097916
train,cf-bpr,0.032989710569381714
train,cf-bpr,0.028123026713728905
train,cf-bpr,0.033202044665813446
train,cf-bpr,0.03701721504330635
train,cf-bpr,0.027689024806022644
train,cf-bpr,0.04634243622422218
train,cf-bpr,0.07321765273809433
train,cf-bpr,0.03813735023140907
train,cf-bpr,0.03997873142361641
train,cf-bpr,0.03745846450328827
train,cf-bpr,0.03873644769191742
train,cf-bpr,0.0323190838098526
train,cf-bpr,0.03491062670946121
train,cf-bpr,0.03632799908518791
train,cf-bpr,0.03135282173752785
train,cf-bpr,0.035318344831466675
train,cf-bpr,0.03396662697196007
train,cf-bpr,0.037169866263866425
train,cf-bpr,0.04183452948927879
train,cf-bpr,0.0333661325275898
train,cf-bpr,0.028201041743159294
train,cf-bpr,0.029478833079338074
train,cf-bpr,0.037659574300050735
train,cf-bpr,0.030922403559088707
train,cf-bpr,0.03504946455359459
train,cf-bpr,0.03744371235370636
train,cf-bpr,0.03528757765889168
train,cf-bpr,0.04151545464992523
train,cf-bpr,0.0327831394970417
train,cf-bpr,0.02916206605732441
train,cf-bpr,0.02994982711970806
train,cf-bpr,0.03841101750731468
train,cf-bpr,0.0275877695530653
train,cf-bpr,0.03186199441552162
train,cf-bpr,0.03401156887412071
train,cf-bpr,0.03396417200565338
train,cf-bpr,0.032174933701753616
train,cf-bpr,0.044290073215961456
train,cf-bpr,0.040221020579338074
train,cf-bpr,0.026563553139567375
train,cf-bpr,0.0427175834774971
train,cf-bpr,0.04501534253358841
train,cf-bpr,0.035357724875211716
train,cf-bpr,0.03330925107002258
train,cf-bpr,0.04300194978713989
train,cf-bpr,0.03213340416550636
train,cf-bpr,0.036753926426172256
train,cf-bpr,0.04591422155499458
train,cf-bpr,0.03581266105175018
train,cf-bpr,0.032554805278778076
train,cf-bpr,0.03900502994656563
train,cf-bpr,0.041070062667131424
train,cf-bpr,0.03795216232538223
train,cf-bpr,0.05355120822787285
train,cf-bpr,0.034813545644283295
train,cf-bpr,0.032200850546360016
train,cf-bpr,0.04780400171875954
train,cf-bpr,0.03786170482635498
train,cf-bpr,0.025527965277433395
train,cf-bpr,0.026660852134227753
train,cf-bpr,0.033737361431121826
train,cf-bpr,0.02882964164018631
train,cf-bpr,0.03669780492782593
train,cf-bpr,0.038119811564683914
train,cf-bpr,0.053095001727342606
train,cf-bpr,0.04632628709077835
train,cf-bpr,0.04648451507091522
train,cf-bpr,0.03948989138007164
train,cf-bpr,0.03153330460190773
train,cf-bpr,0.029759632423520088
train,cf-bpr,0.025771837681531906
train,cf-bpr,0.03879227116703987
train,cf-bpr,0.037657760083675385
train,cf-bpr,0.047789622098207474
train,cf-bpr,0.04247010499238968
train,cf-bpr,0.0414590984582901
train,cf-bpr,0.030521025881171227
train,cf-bpr,0.05092206597328186
train,cf-bpr,0.025186458602547646
train,cf-bpr,0.05367609113454819
train,cf-bpr,0.04427316412329674
train,cf-bpr,0.042826417833566666
train,cf-bpr,0.07186576724052429
train,cf-bpr,0.04858464002609253
train,cf-bpr,0.03083648905158043
train,cf-bpr,0.04270034655928612
train,cf-bpr,0.03703681379556656
train,cf-bpr,0.028643155470490456
train,cf-bpr,0.03558995574712753
train,cf-bpr,0.0463065505027771
train,cf-bpr,0.03847901523113251
train,cf-bpr,0.0322270393371582
train,cf-bpr,0.03539310395717621
train,cf-bpr,0.03168927878141403
train,cf-bpr,0.04971621558070183
train,cf-bpr,0.036022018641233444
train,cf-bpr,0.03367992863059044
train,cf-bpr,0.02974093332886696
train,cf-bpr,0.048991914838552475
train,cf-bpr,0.03743544965982437
train,cf-bpr,0.034366410225629807
train,cf-bpr,0.04010333493351936
train,cf-bpr,0.028734084218740463
train,cf-bpr,0.06573761999607086
train,cf-bpr,0.06265492737293243
train,cf-bpr,0.03397595137357712
train,cf-bpr,0.046485766768455505
train,cf-bpr,0.06535814702510834
train,cf-bpr,0.04388268664479256
train,cf-bpr,0.03423900157213211
train,cf-bpr,0.05536551773548126
train,cf-bpr,0.03187892958521843
train,cf-bpr,0.03307758644223213
train,cf-bpr,0.045268379151821136
train,cf-bpr,0.033505089581012726
train,cf-bpr,0.03461061790585518
train,cf-bpr,0.02982981875538826
train,cf-bpr,0.05018770322203636
train,cf-bpr,0.038558728992938995
train,cf-bpr,0.03176046535372734
train,cf-bpr,0.03805224969983101
train,cf-bpr,0.03149115666747093
train,cf-bpr,0.059207744896411896
train,cf-bpr,0.027124639600515366
train,cf-bpr,0.033779166638851166
train,cf-bpr,0.040353331714868546
train,cf-bpr,0.03322618454694748
train,cf-bpr,0.038514990359544754
train,cf-bpr,0.0381818488240242
train,cf-bpr,0.04464201629161835
train,cf-bpr,0.032011017203330994
train,cf-bpr,0.030942175537347794
train,cf-bpr,0.03799166530370712
train,cf-bpr,0.03319160267710686
train,cf-bpr,0.05852546542882919
train,cf-bpr,0.034784767776727676
train,cf-bpr,0.03348459675908089
train,cf-bpr,0.02810722030699253
train,cf-bpr,0.044595953077077866
train,cf-bpr,0.05556516721844673
train,cf-bpr,0.033465079963207245
train,cf-bpr,0.030379727482795715
train,cf-bpr,0.06635791808366776
train,cf-bpr,0.033246759325265884
train,cf-bpr,0.04182112589478493
train,cf-bpr,0.0438254177570343
train,cf-bpr,0.048496343195438385
train,cf-bpr,0.043079715222120285
train,cf-bpr,0.03453158214688301
train,cf-bpr,0.030663086101412773
train,cf-bpr,0.05175241082906723
train,cf-bpr,0.04973491281270981
train,cf-bpr,0.04463966563344002
train,cf-bpr,0.039443615823984146
train,cf-bpr,0.026217421516776085
train,cf-bpr,0.036401908844709396
train,cf-bpr,0.03010660596191883
train,cf-bpr,0.07141474634408951
train,cf-bpr,0.038115259259939194
train,cf-bpr,0.027744341641664505
train,cf-bpr,0.04601207375526428
train,cf-bpr,0.040559206157922745
train,cf-bpr,0.047853659838438034
train,cf-bpr,0.0401843786239624
train,cf-bpr,0.044585730880498886
train,cf-bpr,0.04235158860683441
train,cf-bpr,0.03673357516527176
train,cf-bpr,0.03708658739924431
train,cf-bpr,0.034259144216775894
train,cf-bpr,0.0479033961892128
train,cf-bpr,0.036217834800481796
train,cf-bpr,0.02993578277528286
train,cf-bpr,0.04052004590630531
train,cf-bpr,0.03191731125116348
train,cf-bpr,0.051190122961997986
train,cf-bpr,0.03927408531308174
train,cf-bpr,0.04291268065571785
train,cf-bpr,0.04006124660372734
train,cf-bpr,0.049475111067295074
train,cf-bpr,0.02639041468501091
train,cf-bpr,0.04119378700852394
train,cf-bpr,0.03256230056285858
train,cf-bpr,0.05803331360220909
train,cf-bpr,0.03231048956513405
train,cf-bpr,0.0437968373298645
train,cf-bpr,0.04111524671316147
train,cf-bpr,0.060223791748285294
train,cf-bpr,0.04347589612007141
train,cf-bpr,0.05115243047475815
train,cf-bpr,0.03536481037735939
train,cf-bpr,0.05526792258024216
train,cf-bpr,0.03593451902270317
train,cf-bpr,0.026429127901792526
train,cf-bpr,0.037694066762924194
train,cf-bpr,0.038002241402864456
train,cf-bpr,0.03890509158372879
train,cf-bpr,0.03604894503951073
train,cf-bpr,0.03985915705561638
train,cf-bpr,0.03030816651880741
train,cf-bpr,0.032066237181425095
train,cf-bpr,0.037324607372283936
train,cf-bpr,0.03327011689543724
train,cf-bpr,0.0310655627399683
train,cf-bpr,0.062481869012117386
train,cf-bpr,0.029273290187120438
train,cf-bpr,0.04059087857604027
train,cf-bpr,0.030201615765690804
train,cf-bpr,0.03731294721364975
train,cf-bpr,0.03572617843747139
train,cf-bpr,0.02691897563636303
train,cf-bpr,0.03811636567115784
train,cf-bpr,0.04668798670172691
train,cf-bpr,0.027693724259734154
train,cf-bpr,0.02381439320743084
train,cf-bpr,0.03630842640995979
train,cf-bpr,0.030916482210159302
train,cf-bpr,0.034243401139974594
train,cf-bpr,0.03280748426914215
train,cf-bpr,0.02655448392033577
train,cf-bpr,0.03427286073565483
train,cf-bpr,0.03689778223633766
train,cf-bpr,0.03149964660406113
train,cf-bpr,0.04200175404548645
train,cf-bpr,0.03731624782085419
train,cf-bpr,0.03793316334486008
train,cf-bpr,0.029149137437343597
train,cf-bpr,0.036986324936151505
train,cf-bpr,0.04256241023540497
train,cf-bpr,0.032273467630147934
train,cf-bpr,0.030221229419112206
train,cf-bpr,0.03166309744119644
train,cf-bpr,0.03471797704696655
train,cf-bpr,0.03364333510398865
train,cf-bpr,0.030268730595707893
train,cf-bpr,0.023989874869585037
train,cf-bpr,0.04345368221402168
train,cf-bpr,0.09092702716588974
train,cf-bpr,0.05068650841712952
train,cf-bpr,0.0347713939845562
train,cf-bpr,0.030661778524518013
train,cf-bpr,0.03476633131504059
train,cf-bpr,0.04572705551981926
train,cf-bpr,0.029175372794270515
train,cf-bpr,0.04108511283993721
train,cf-bpr,0.05053369328379631
train,cf-bpr,0.03805918246507645
train,cf-bpr,0.04579221457242966
train,cf-bpr,0.03510736674070358
train,cf-bpr,0.035866811871528625
train,cf-bpr,0.0409100316464901
train,cf-bpr,0.02870737947523594
train,cf-bpr,0.03907090798020363
train,cf-bpr,0.028997108340263367
train,cf-bpr,0.03696238994598389
train,cf-bpr,0.037850793451070786
train,cf-bpr,0.03769953176379204
train,cf-bpr,0.05002192035317421
train,cf-bpr,0.027135023847222328
train,cf-bpr,0.037763506174087524
train,cf-bpr,0.030345821753144264
train,cf-bpr,0.034816041588783264
train,cf-bpr,0.026415426284074783
train,cf-bpr,0.0378413125872612
train,cf-bpr,0.042054273188114166
train,cf-bpr,0.04140530526638031
train,cf-bpr,0.03186071291565895
train,cf-bpr,0.03803635016083717
train,cf-bpr,0.06474800407886505
train,cf-bpr,0.026829013600945473
train,cf-bpr,0.035401977598667145
train,cf-bpr,0.04120023176074028
train,cf-bpr,0.06305624544620514
train,cf-bpr,0.03805863484740257
train,cf-bpr,0.03783952444791794
train,cf-bpr,0.047012798488140106
train,cf-bpr,0.049874864518642426
train,cf-bpr,0.03903862461447716
train,cf-bpr,0.03141738846898079
train,cf-bpr,0.03201385959982872
train,cf-bpr,0.0234038345515728
train,cf-bpr,0.030176857486367226
train,cf-bpr,0.02620694600045681
train,cf-bpr,0.036095257848501205
train,cf-bpr,0.032689712941646576
train,cf-bpr,0.035682495683431625
train,cf-bpr,0.038928110152482986
train,cf-bpr,0.03434469923377037
train,cf-bpr,0.0323350727558136
train,cf-bpr,0.03849788010120392
train,cf-bpr,0.037286028265953064
train,cf-bpr,0.04347556456923485
train,cf-bpr,0.03158263489603996
train,cf-bpr,0.03735912963747978
train,cf-bpr,0.02869655378162861
train,cf-bpr,0.07089851796627045
train,cf-bpr,0.03908247500658035
train,cf-bpr,0.04513618350028992
train,cf-bpr,0.04041091352701187
train,cf-bpr,0.037729185074567795
train,cf-bpr,0.05462770164012909
train,cf-bpr,0.03382189944386482
train,cf-bpr,0.03819751366972923
train,cf-bpr,0.03635922446846962
train,cf-bpr,0.03271739184856415
train,cf-bpr,0.03379019722342491
train,cf-bpr,0.06366714090108871
train,cf-bpr,0.04199965298175812
train,cf-bpr,0.03693367540836334
train,cf-bpr,0.03953684866428375
train,cf-bpr,0.072997085750103
train,cf-bpr,0.045045528560876846
train,cf-bpr,0.06787215918302536
train,cf-bpr,0.043220724910497665
train,cf-bpr,0.03998219221830368
train,cf-bpr,0.05755433067679405
train,cf-bpr,0.030160486698150635
train,cf-bpr,0.03640180081129074
train,cf-bpr,0.03545815125107765
train,cf-bpr,0.03608359396457672
train,cf-bpr,0.04374382644891739
train,cf-bpr,0.028967350721359253
train,cf-bpr,0.03501824289560318
train,cf-bpr,0.03654143214225769
train,cf-bpr,0.045076336711645126
train,cf-bpr,0.043664563447237015
train,cf-bpr,0.03790746256709099
train,cf-bpr,0.025426991283893585
train,cf-bpr,0.0305044986307621
train,cf-bpr,0.027562517672777176
train,cf-bpr,0.08361849933862686
train,cf-bpr,0.03764542564749718
train,cf-bpr,0.044001948088407516
train,cf-bpr,0.037914589047431946
train,cf-bpr,0.0384615920484066
train,cf-bpr,0.041855618357658386
train,cf-bpr,0.03450033813714981
train,cf-bpr,0.028397761285305023
train,cf-bpr,0.04553377255797386
train,cf-bpr,0.03544841706752777
train,cf-bpr,0.05255717784166336
train,cf-bpr,0.027721978724002838
train,cf-bpr,0.07018068432807922
train,cf-bpr,0.041994284838438034
train,cf-bpr,0.029817191883921623
train,cf-bpr,0.03918825462460518
train,cf-bpr,0.03618829324841499
train,cf-bpr,0.030179018154740334
train,cf-bpr,0.033976390957832336
train,cf-bpr,0.05179653689265251
train,cf-bpr,0.039665307849645615
train,cf-bpr,0.03991146758198738
train,cf-bpr,0.035808321088552475
train,cf-bpr,0.035600174218416214
train,cf-bpr,0.03673064708709717
train,cf-bpr,0.038548458367586136
train,cf-bpr,0.04025467112660408
train,cf-bpr,0.03848666325211525
train,cf-bpr,0.0409548245370388
train,cf-bpr,0.04511166363954544
train,cf-bpr,0.0689309760928154
train,cf-bpr,0.022769343107938766
train,cf-bpr,0.03656212240457535
train,cf-bpr,0.04916330426931381
train,cf-bpr,0.02812623232603073
train,cf-bpr,0.04700411856174469
train,cf-bpr,0.023522645235061646
train,cf-bpr,0.03476332128047943
train,cf-bpr,0.027858933433890343
train,cf-bpr,0.040787700563669205
train,cf-bpr,0.03403730317950249
train,cf-bpr,0.035664819180965424
train,cf-bpr,0.040949370712041855
train,cf-bpr,0.03537716343998909
train,cf-bpr,0.03466907888650894
train,cf-bpr,0.03141501545906067
train,cf-bpr,0.032275911420583725
train,cf-bpr,0.03667137026786804
train,cf-bpr,0.041660912334918976
train,cf-bpr,0.0372527651488781
train,cf-bpr,0.03826240822672844
train,cf-bpr,0.05538371577858925
train,cf-bpr,0.04124988242983818
train,cf-bpr,0.038084737956523895
train,cf-bpr,0.03409074619412422
train,cf-bpr,0.04773057624697685
train,cf-bpr,0.038904234766960144
train,cf-bpr,0.030348367989063263
train,cf-bpr,0.05169041454792023
train,cf-bpr,0.04680582880973816
train,cf-bpr,0.034056518226861954
train,cf-bpr,0.035346247255802155
train,cf-bpr,0.03468313068151474
train,cf-bpr,0.03991682454943657
train,cf-bpr,0.032439615577459335
train,cf-bpr,0.04962203651666641
train,cf-bpr,0.05129186436533928
train,cf-bpr,0.036553479731082916
train,cf-bpr,0.031215129420161247
train,cf-bpr,0.03052973560988903
train,cf-bpr,0.04683724790811539
train,cf-bpr,0.03659685701131821
train,cf-bpr,0.06949952244758606
train,cf-bpr,0.031177295371890068
train,cf-bpr,0.02813277579843998
train,cf-bpr,0.043549131602048874
train,cf-bpr,0.03432702273130417
train,cf-bpr,0.039846085011959076
train,cf-bpr,0.03259192779660225
train,cf-bpr,0.040201880037784576
train,cf-bpr,0.04307981953024864
train,cf-bpr,0.061649542301893234
train,cf-bpr,0.03707000985741615
train,cf-bpr,0.03315233439207077
train,cf-bpr,0.0354980006814003
train,cf-bpr,0.07733796536922455
train,cf-bpr,0.04386589303612709
train,cf-bpr,0.03577626869082451
train,cf-bpr,0.04587697982788086
train,cf-bpr,0.06655791401863098
train,cf-bpr,0.04146565869450569
train,cf-bpr,0.03347485885024071
train,cf-bpr,0.04904654249548912
train,cf-bpr,0.033670950680971146
train,cf-bpr,0.04178179055452347
train,cf-bpr,0.03731073439121246
train,cf-bpr,0.030262159183621407
train,cf-bpr,0.046094831079244614
train,cf-bpr,0.04179336130619049
train,cf-bpr,0.02980988658964634
train,cf-bpr,0.035831268876791
train,cf-bpr,0.03901463374495506
train,cf-bpr,0.041372768580913544
train,cf-bpr,0.044367674738168716
train,cf-bpr,0.0335116907954216
train,cf-bpr,0.03666127845644951
train,cf-bpr,0.02834979072213173
train,cf-bpr,0.05350017920136452
train,cf-bpr,0.03493496775627136
train,cf-bpr,0.0361122228205204
train,cf-bpr,0.02759965881705284
train,cf-bpr,0.04773916304111481
train,cf-bpr,0.04039735347032547
train,cf-bpr,0.03563782200217247
train,cf-bpr,0.02901560813188553
train,cf-bpr,0.0245661698281765
train,cf-bpr,0.049818556755781174
train,cf-bpr,0.04233536496758461
train,cf-bpr,0.0366724394261837
train,cf-bpr,0.051292531192302704
train,cf-bpr,0.028654707595705986
train,cf-bpr,0.04527099058032036
train,cf-bpr,0.03359362483024597
train,cf-bpr,0.04261079803109169
train,cf-bpr,0.04821159318089485
train,cf-bpr,0.18381500244140625
train,cf-bpr,0.03676019608974457
train,cf-bpr,0.02903768979012966
train,cf-bpr,0.029894107952713966
train,cf-bpr,0.04664499685168266
train,cf-bpr,0.031506121158599854
train,cf-bpr,0.04779936745762825
train,cf-bpr,0.0327000729739666
train,cf-bpr,0.03313084691762924
train,cf-bpr,0.034075092524290085
train,cf-bpr,0.05497860535979271
train,cf-bpr,0.0330805778503418
train,cf-bpr,0.03047342039644718
train,cf-bpr,0.03454408422112465
train,cf-bpr,0.03813859447836876
train,cf-bpr,0.05781876668334007
train,cf-bpr,0.039546605199575424
train,cf-bpr,0.042781535536050797
train,cf-bpr,0.0446631982922554
train,cf-bpr,0.04298609122633934
train,cf-bpr,0.04426617920398712
train,cf-bpr,0.04055920988321304
train,cf-bpr,0.030187338590621948
train,cf-bpr,0.040814854204654694
train,cf-bpr,0.029113052412867546
train,cf-bpr,0.03545008972287178
train,cf-bpr,0.0533989816904068
train,cf-bpr,0.0340954065322876
train,cf-bpr,0.05132522061467171
train,cf-bpr,0.03264347463846207
train,cf-bpr,0.039192553609609604
train,cf-bpr,0.036485232412815094
train,cf-bpr,0.0306156724691391
train,cf-bpr,0.04824208468198776
train,cf-bpr,0.03187182545661926
train,cf-bpr,0.04042225703597069
train,cf-bpr,0.03217599540948868
train,cf-bpr,0.061310093849897385
train,cf-bpr,0.03464627265930176
train,cf-bpr,0.026025963947176933
train,cf-bpr,0.03965028375387192
train,cf-bpr,0.035209983587265015
train,cf-bpr,0.03572545945644379
train,cf-bpr,0.03645913675427437
train,cf-bpr,0.03555903211236
train,cf-bpr,0.0394611731171608
train,cf-bpr,0.03569084778428078
train,cf-bpr,0.03475470468401909
train,cf-bpr,0.035133861005306244
train,cf-bpr,0.04096604883670807
train,cf-bpr,0.04760776460170746
train,cf-bpr,0.07238459587097168
train,cf-bpr,0.029034733772277832
train,cf-bpr,0.03845367580652237
train,cf-bpr,0.03767258673906326
train,cf-bpr,0.030192770063877106
train,cf-bpr,0.03302367776632309
train,cf-bpr,0.03396977484226227
train,cf-bpr,0.050017766654491425
train,cf-bpr,0.03773403912782669
train,cf-bpr,0.048356037586927414
train,cf-bpr,0.042247891426086426
train,cf-bpr,0.03459866717457771
train,cf-bpr,0.04149440675973892
train,cf-bpr,0.03355691581964493
train,cf-bpr,0.044374722987413406
train,cf-bpr,0.04486433416604996
train,cf-bpr,0.02808152139186859
train,cf-bpr,0.03043658845126629
train,cf-bpr,0.03112226352095604
train,cf-bpr,0.027753377333283424
train,cf-bpr,0.039115384221076965
train,cf-bpr,0.035857073962688446
train,cf-bpr,0.08696319162845612
train,cf-bpr,0.023693872615695
train,cf-bpr,0.02967681549489498
train,cf-bpr,0.036021701991558075
train,cf-bpr,0.03463628888130188
train,cf-bpr,0.03376147150993347
train,cf-bpr,0.044361088424921036
train,cf-bpr,0.05517333000898361
train,cf-bpr,0.03328383341431618
train,cf-bpr,0.04588588699698448
train,cf-bpr,0.03276178613305092
train,cf-bpr,0.03481554612517357
train,cf-bpr,0.05599113926291466
train,cf-bpr,0.08834189176559448
train,cf-bpr,0.029684068635106087
train,cf-bpr,0.05584852397441864
train,cf-bpr,0.030159980058670044
train,cf-bpr,0.04755787178874016
train,cf-bpr,0.07645270973443985
train,cf-bpr,0.037730153650045395
train,cf-bpr,0.03055548295378685
train,cf-bpr,0.031707849353551865
train,cf-bpr,0.03522763401269913
train,cf-bpr,0.0396038219332695
train,cf-bpr,0.059310298413038254
train,cf-bpr,0.04137289896607399
train,cf-bpr,0.036254677921533585
train,cf-bpr,0.03807825967669487
train,cf-bpr,0.03912654519081116
train,cf-bpr,0.038897257298231125
train,cf-bpr,0.03689122572541237
train,cf-bpr,0.0468713752925396
train,cf-bpr,0.03279824182391167
train,cf-bpr,0.03585991635918617
train,cf-bpr,0.06638076901435852
train,cf-bpr,0.043297819793224335
train,cf-bpr,0.026026831939816475
train,cf-bpr,0.04448889195919037
train,cf-bpr,0.04031601548194885
train,cf-bpr,0.09092898666858673
train,cf-bpr,0.038070209324359894
train,cf-bpr,0.029944241046905518
train,cf-bpr,0.04692338779568672
train,cf-bpr,0.07784062623977661
train,cf-bpr,0.04638507589697838
train,cf-bpr,0.04128384590148926
train,cf-bpr,0.06313511729240417
train,cf-bpr,0.032058510929346085
train,cf-bpr,0.02671356126666069
train,cf-bpr,0.03208421170711517
train,cf-bpr,0.04302312433719635
train,cf-bpr,0.04740908741950989
train,cf-bpr,0.029849881306290627
train,cf-bpr,0.04018662869930267
train,cf-bpr,0.040202993899583817
train,cf-bpr,0.04566655680537224
train,cf-bpr,0.027599796652793884
train,cf-bpr,0.03602362051606178
train,cf-bpr,0.04015681892633438
train,cf-bpr,0.04367256164550781
train,cf-bpr,0.04246136173605919
train,cf-bpr,0.02659652940928936
train,cf-bpr,0.0414346419274807
train,cf-bpr,0.037214212119579315
train,cf-bpr,0.043730948120355606
train,cf-bpr,0.030262017622590065
train,cf-bpr,0.038483716547489166
train,cf-bpr,0.04057292640209198
train,cf-bpr,0.039432935416698456
train,cf-bpr,0.044762056320905685
train,cf-bpr,0.03271724656224251
train,cf-bpr,0.03874991834163666
train,cf-bpr,0.04473309591412544
train,cf-bpr,0.04900312423706055
train,cf-bpr,0.04137206822633743
train,cf-bpr,0.033146925270557404
train,cf-bpr,0.06259949505329132
train,cf-bpr,0.03662401810288429
train,cf-bpr,0.06229574978351593
train,cf-bpr,0.03109058178961277
train,cf-bpr,0.03623809665441513
train,cf-bpr,0.03569459542632103
train,cf-bpr,0.02993004210293293
train,cf-bpr,0.03254665061831474
train,cf-bpr,0.041150886565446854
train,cf-bpr,0.03905913978815079
train,cf-bpr,0.042191632091999054
train,cf-bpr,0.030285213142633438
train,cf-bpr,0.047560520470142365
train,cf-bpr,0.0363205187022686
train,cf-bpr,0.03244905173778534
train,cf-bpr,0.042157191783189774
train,cf-bpr,0.036388054490089417
train,cf-bpr,0.038541246205568314
train,cf-bpr,0.031877949833869934
train,cf-bpr,0.04430285841226578
train,cf-bpr,0.03248860687017441
train,cf-bpr,0.03256319463253021
train,cf-bpr,0.036328136920928955
train,cf-bpr,0.02984653227031231
train,cf-bpr,0.040398359298706055
train,cf-bpr,0.03709818050265312
train,cf-bpr,0.026604454964399338
train,cf-bpr,0.039986416697502136
train,cf-bpr,0.03536149859428406
train,cf-bpr,0.027467908337712288
train,cf-bpr,0.054063424468040466
train,cf-bpr,0.04514553025364876
train,cf-bpr,0.050327856093645096
train,cf-bpr,0.03476446121931076
train,cf-bpr,0.030529692769050598
train,cf-bpr,0.036426953971385956
train,cf-bpr,0.03628115355968475
train,cf-bpr,0.045991457998752594
train,cf-bpr,0.03616511821746826
train,cf-bpr,0.03723915293812752
train,cf-bpr,0.03494999557733536
train,cf-bpr,0.027352549135684967
train,cf-bpr,0.033745426684617996
train,cf-bpr,0.0280788391828537
train,cf-bpr,0.03817746415734291
train,cf-bpr,0.026800522580742836
train,cf-bpr,0.031775422394275665
train,cf-bpr,0.028054002672433853
train,cf-bpr,0.036795005202293396
train,cf-bpr,0.03493283689022064
train,cf-bpr,0.04952191188931465
train,cf-bpr,0.03433435410261154
train,cf-bpr,0.0576661117374897
train,cf-bpr,0.026820680126547813
train,cf-bpr,0.035004451870918274
train,cf-bpr,0.04667690023779869
train,cf-bpr,0.03386254981160164
train,cf-bpr,0.02789871208369732
train,cf-bpr,0.03936246037483215
train,cf-bpr,0.02914518304169178
train,cf-bpr,0.029252225533127785
train,cf-bpr,0.041062332689762115
train,cf-bpr,0.03704521059989929
train,cf-bpr,0.030779214575886726
train,cf-bpr,0.07251648604869843
train,cf-bpr,0.03703039139509201
train,cf-bpr,0.035461753606796265
train,cf-bpr,0.0323156863451004
train,cf-bpr,0.03877195715904236
train,cf-bpr,0.0421895794570446
train,cf-bpr,0.02967718057334423
train,cf-bpr,0.05001846328377724
train,cf-bpr,0.049105022102594376
train,cf-bpr,0.060106679797172546
train,cf-bpr,0.03146178647875786
train,cf-bpr,0.08268775045871735
train,cf-bpr,0.03724119812250137
train,cf-bpr,0.044721055775880814
train,cf-bpr,0.04482617601752281
train,cf-bpr,0.03873847424983978
train,cf-bpr,0.06924751400947571
train,cf-bpr,0.05106351524591446
train,cf-bpr,0.03332313522696495
train,cf-bpr,0.03257281333208084
train,cf-bpr,0.04164021089673042
train,cf-bpr,0.03678430616855621
train,cf-bpr,0.03702988475561142
train,cf-bpr,0.025956597179174423
train,cf-bpr,0.037599243223667145
train,cf-bpr,0.0368657261133194
train,cf-bpr,0.039122242480516434
train,cf-bpr,0.037689488381147385
train,cf-bpr,0.0328393317759037
train,cf-bpr,0.03559543564915657
train,cf-bpr,0.03872605785727501
train,cf-bpr,0.034647759050130844
train,cf-bpr,0.03711331635713577
train,cf-bpr,0.02694534882903099
train,cf-bpr,0.03747355565428734
train,cf-bpr,0.04131064936518669
train,cf-bpr,0.031656961888074875
train,cf-bpr,0.02579759620130062
train,cf-bpr,0.08298049867153168
train,cf-bpr,0.06743474304676056
train,cf-bpr,0.035988595336675644
train,cf-bpr,0.0451478585600853
train,cf-bpr,0.03451625257730484
train,cf-bpr,0.04996350035071373
train,cf-bpr,0.037131816148757935
train,cf-bpr,0.050165072083473206
train,cf-bpr,0.024570681154727936
train,cf-bpr,0.03655773401260376
train,cf-bpr,0.03801137953996658
train,cf-bpr,0.03849196061491966
train,cf-bpr,0.03737796097993851
train,cf-bpr,0.045737843960523605
train,cf-bpr,0.04301241412758827
train,cf-bpr,0.028033558279275894
train,cf-bpr,0.02586335316300392
train,cf-bpr,0.040556248277425766
train,cf-bpr,0.03479849919676781
train,cf-bpr,0.03272809460759163
train,cf-bpr,0.05583108216524124
train,cf-bpr,0.0466834157705307
train,cf-bpr,0.03314175456762314
train,cf-bpr,0.049753427505493164
train,cf-bpr,0.03697651997208595
train,cf-bpr,0.054310280829668045
train,cf-bpr,0.03476213663816452
train,cf-bpr,0.03963102027773857
train,cf-bpr,0.03446551412343979
train,cf-bpr,0.035226382315158844
train,cf-bpr,0.04094349592924118
train,cf-bpr,0.032316602766513824
train,cf-bpr,0.029552416875958443
train,cf-bpr,0.036303967237472534
train,cf-bpr,0.04240165278315544
train,cf-bpr,0.044093627482652664
train,cf-bpr,0.037735335528850555
train,cf-bpr,0.036568447947502136
train,cf-bpr,0.03287620469927788
train,cf-bpr,0.0352771133184433
train,cf-bpr,0.046003881841897964
train,cf-bpr,0.04778502136468887
train,cf-bpr,0.03703304007649422
train,cf-bpr,0.04929683357477188
train,cf-bpr,0.03673393279314041
train,cf-bpr,0.03807941451668739
train,cf-bpr,0.02976495400071144
train,cf-bpr,0.04804769530892372
train,cf-bpr,0.030970780178904533
train,cf-bpr,0.03282850235700607
train,cf-bpr,0.044686540961265564
train,cf-bpr,0.04831257835030556
train,cf-bpr,0.028752563521265984
train,cf-bpr,0.026045706123113632
train,cf-bpr,0.034851931035518646
train,cf-bpr,0.04168323427438736
train,cf-bpr,0.045362439006567
train,cf-bpr,0.028802530840039253
train,cf-bpr,0.03014749474823475
train,cf-bpr,0.03601597622036934
train,cf-bpr,0.036744341254234314
train,cf-bpr,0.03508501127362251
train,cf-bpr,0.026835495606064796
train,cf-bpr,0.03643357753753662
train,cf-bpr,0.05633774772286415
train,cf-bpr,0.03275452181696892
train,cf-bpr,0.040315717458724976
train,cf-bpr,0.04974556341767311
train,cf-bpr,0.03575073927640915
train,cf-bpr,0.03843659907579422
train,cf-bpr,0.039732590317726135
train,cf-bpr,0.04574747756123543
train,cf-bpr,0.03732217475771904
train,cf-bpr,0.02798711694777012
train,cf-bpr,0.033226724714040756
train,cf-bpr,0.02579682134091854
train,cf-bpr,0.035906583070755005
train,cf-bpr,0.05997845530509949
train,cf-bpr,0.03613642603158951
train,cf-bpr,0.03616071492433548
train,cf-bpr,0.0359325110912323
train,cf-bpr,0.04142237454652786
train,cf-bpr,0.030602430924773216
train,cf-bpr,0.07861930876970291
train,cf-bpr,0.06215232238173485
train,cf-bpr,0.04156940430402756
train,cf-bpr,0.11945711076259613
train,cf-bpr,0.04186790809035301
train,cf-bpr,0.03395829722285271
train,cf-bpr,0.03834860399365425
train,cf-bpr,0.03513912111520767
train,cf-bpr,0.030072715133428574
train,cf-bpr,0.04184694588184357
train,cf-bpr,0.02355455979704857
train,cf-bpr,0.0463157519698143
train,cf-bpr,0.02717563696205616
train,cf-bpr,0.03906701132655144
train,cf-bpr,0.027775868773460388
train,cf-bpr,0.0421832837164402
train,cf-bpr,0.05153379589319229
train,cf-bpr,0.0696370005607605
train,cf-bpr,0.037181198596954346
train,cf-bpr,0.035157203674316406
train,cf-bpr,0.02775692194700241
train,cf-bpr,0.08965561538934708
train,cf-bpr,0.06338644027709961
train,cf-bpr,0.046457964926958084
train,cf-bpr,0.03380788490176201
train,cf-bpr,0.033237021416425705
train,cf-bpr,0.03830331563949585
train,cf-bpr,0.038229625672101974
train,cf-bpr,0.034760136157274246
train,cf-bpr,0.045608039945364
train,cf-bpr,0.0460943765938282
train,cf-bpr,0.03469844534993172
train,cf-bpr,0.026605136692523956
train,cf-bpr,0.05239637941122055
train,cf-bpr,0.0383317694067955
train,cf-bpr,0.04583669826388359
train,cf-bpr,0.03939361497759819
train,cf-bpr,0.03327915817499161
train,cf-bpr,0.029431216418743134
train,cf-bpr,0.034986209124326706
train,cf-bpr,0.0399232842028141
train,cf-bpr,0.0356847308576107
train,cf-bpr,0.029132291674613953
train,cf-bpr,0.04052409157156944
train,cf-bpr,0.036082349717617035
train,cf-bpr,0.050615787506103516
train,cf-bpr,0.06454784423112869
train,cf-bpr,0.04655652493238449
train,cf-bpr,0.06259056180715561
train,cf-bpr,0.03804750740528107
train,cf-bpr,0.034232694655656815
train,cf-bpr,0.04170043021440506
train,cf-bpr,0.04118545725941658
train,cf-bpr,0.03992391750216484
train,cf-bpr,0.034814052283763885
train,cf-bpr,0.041228730231523514
train,cf-bpr,0.0446898452937603
train,cf-bpr,0.038984265178442
train,cf-bpr,0.030038144439458847
train,cf-bpr,0.03775692731142044
train,cf-bpr,0.036413583904504776
train,cf-bpr,0.029622642323374748
train,cf-bpr,0.029825260862708092
train,cf-bpr,0.035083673894405365
train,cf-bpr,0.03435364365577698
train,cf-bpr,0.03650187328457832
train,cf-bpr,0.044475022703409195
train,cf-bpr,0.03306562826037407
train,cf-bpr,0.03966233506798744
train,cf-bpr,0.051755357533693314
train,cf-bpr,0.0388927198946476
train,cf-bpr,0.03373067453503609
train,cf-bpr,0.04327922314405441
train,cf-bpr,0.03484746813774109
train,cf-bpr,0.03092716634273529
train,cf-bpr,0.04935944080352783
train,cf-bpr,0.03310024365782738
train,cf-bpr,0.052972566336393356
train,cf-bpr,0.04408188536763191
train,cf-bpr,0.04050769656896591
train,cf-bpr,0.03930916264653206
train,cf-bpr,0.03223278000950813
train,cf-bpr,0.035620853304862976
train,cf-bpr,0.08638286590576172
train,cf-bpr,0.031268466264009476
train,cf-bpr,0.03574207052588463
train,cf-bpr,0.05046004429459572
train,cf-bpr,0.03877425566315651
train,cf-bpr,0.032875072211027145
train,cf-bpr,0.047723785042762756
train,cf-bpr,0.04846177622675896
train,cf-bpr,0.02895824983716011
train,cf-bpr,0.04068480804562569
train,cf-bpr,0.07024011760950089
train,cf-bpr,0.10283256322145462
train,cf-bpr,0.06497882306575775
train,cf-bpr,0.04252510145306587
train,cf-bpr,0.03906668350100517
train,cf-bpr,0.028583360835909843
train,cf-bpr,0.03945346176624298
train,cf-bpr,0.04844219237565994
train,cf-bpr,0.05284510925412178
train,cf-bpr,0.02543935365974903
train,cf-bpr,0.04511371999979019
train,cf-bpr,0.10119806230068207
train,cf-bpr,0.026193661615252495
train,cf-bpr,0.026630567386746407
train,cf-bpr,0.031706806272268295
train,cf-bpr,0.03715944290161133
train,cf-bpr,0.041545551270246506
train,cf-bpr,0.03388955071568489
train,cf-bpr,0.04260413721203804
train,cf-bpr,0.0335577093064785
train,cf-bpr,0.025830693542957306
train,cf-bpr,0.03707113116979599
train,cf-bpr,0.04405074566602707
train,cf-bpr,0.04843166470527649
train,cf-bpr,0.02831939235329628
train,cf-bpr,0.03248206526041031
train,cf-bpr,0.04073157161474228
train,cf-bpr,0.03658396750688553
train,cf-bpr,0.03438667580485344
train,cf-bpr,0.048878274857997894
train,cf-bpr,0.03388926014304161
train,cf-bpr,0.028490470722317696
train,cf-bpr,0.03948821499943733
train,cf-bpr,0.02777865156531334
train,cf-bpr,0.05959831178188324
train,cf-bpr,0.03930126875638962
train,cf-bpr,0.03809581324458122
train,cf-bpr,0.051503702998161316
train,cf-bpr,0.03586554527282715
train,cf-bpr,0.043083325028419495
train,cf-bpr,0.030277540907263756
train,cf-bpr,0.027199896052479744
train,cf-bpr,0.03615214675664902
train,cf-bpr,0.04257383197546005
train,cf-bpr,0.03996148332953453
train,cf-bpr,0.041744399815797806
train,cf-bpr,0.034205980598926544
train,cf-bpr,0.048902370035648346
train,cf-bpr,0.050914596766233444
train,cf-bpr,0.040470391511917114
train,cf-bpr,0.032509695738554
train,cf-bpr,0.04235951602458954
train,cf-bpr,0.04256143048405647
train,cf-bpr,0.03169219568371773
train,cf-bpr,0.0326106995344162
train,cf-bpr,0.04151803255081177
train,cf-bpr,0.03421590477228165
train,cf-bpr,0.03226299583911896
train,cf-bpr,0.028495963662862778
train,cf-bpr,0.04578547179698944
train,cf-bpr,0.033115170896053314
train,cf-bpr,0.045085325837135315
train,cf-bpr,0.026327216997742653
train,cf-bpr,0.04180610924959183
train,cf-bpr,0.03967766836285591
train,cf-bpr,0.04632091522216797
train,cf-bpr,0.03285067901015282
train,cf-bpr,0.04821765422821045
train,cf-bpr,0.03407895192503929
train,cf-bpr,0.04583555459976196
train,cf-bpr,0.04368453100323677
train,cf-bpr,0.09371908754110336
train,cf-bpr,0.03598690778017044
train,cf-bpr,0.030292637646198273
train,cf-bpr,0.04204817861318588
train,cf-bpr,0.044459689408540726
train,cf-bpr,0.037699613720178604
train,cf-bpr,0.0441172793507576
train,cf-bpr,0.03788391500711441
train,cf-bpr,0.037518229335546494
train,cf-bpr,0.05011621117591858
train,cf-bpr,0.027006428688764572
train,cf-bpr,0.03965584933757782
train,cf-bpr,0.048501983284950256
train,cf-bpr,0.04174942523241043
train,cf-bpr,0.04197448864579201
train,cf-bpr,0.04469763860106468
train,cf-bpr,0.0365825816988945
train,cf-bpr,0.03899881988763809
train,cf-bpr,0.025492392480373383
train,cf-bpr,0.04897814244031906
train,cf-bpr,0.03512301668524742
train,cf-bpr,0.03143414482474327
train,cf-bpr,0.03620438277721405
train,cf-bpr,0.031386103481054306
train,cf-bpr,0.03448629751801491
train,cf-bpr,0.04001404717564583
train,cf-bpr,0.033540528267621994
train,cf-bpr,0.0464012511074543
train,cf-bpr,0.038328420370817184
train,cf-bpr,0.0663372129201889
train,cf-bpr,0.05011476203799248
train,cf-bpr,0.038486044853925705
train,cf-bpr,0.04624708369374275
train,cf-bpr,0.04919277876615524
train,cf-bpr,0.02044234238564968
train,cf-bpr,0.04588545858860016
train,cf-bpr,0.05691344663500786
train,cf-bpr,0.03681260719895363
train,cf-bpr,0.038533736020326614
train,cf-bpr,0.04268653690814972
train,cf-bpr,0.03375576063990593
train,cf-bpr,0.03620745614171028
train,cf-bpr,0.06557872891426086
train,cf-bpr,0.03897993266582489
train,cf-bpr,0.03940076753497124
train,cf-bpr,0.042079173028469086
train,cf-bpr,0.029204193502664566
train,cf-bpr,0.03757809102535248
train,cf-bpr,0.03901498392224312
train,cf-bpr,0.04144364595413208
train,cf-bpr,0.03132718801498413
train,cf-bpr,0.025359809398651123
train,cf-bpr,0.059388354420661926
train,cf-bpr,0.04849641025066376
train,cf-bpr,0.05165335536003113
train,cf-bpr,0.045059602707624435
train,cf-bpr,0.027487220242619514
train,cf-bpr,0.0588773675262928
train,cf-bpr,0.03808353468775749
train,cf-bpr,0.07052846252918243
train,cf-bpr,0.054451026022434235
train,cf-bpr,0.033594779670238495
train,cf-bpr,0.03481675684452057
train,cf-bpr,0.03273678570985794
train,cf-bpr,0.035558100789785385
train,cf-bpr,0.035445891320705414
train,cf-bpr,0.033010318875312805
train,cf-bpr,0.0418146476149559
train,cf-bpr,0.029669741168618202
train,cf-bpr,0.03952254727482796
train,cf-bpr,0.033684153109788895
train,cf-bpr,0.04431849345564842
train,cf-bpr,0.04719813913106918
train,cf-bpr,0.04277243837714195
train,cf-bpr,0.026245348155498505
train,cf-bpr,0.038249023258686066
train,cf-bpr,0.03594028949737549
train,cf-bpr,0.02708638273179531
train,cf-bpr,0.03458152711391449
train,cf-bpr,0.047477416694164276
train,cf-bpr,0.057929277420043945
train,cf-bpr,0.03307519480586052
train,cf-bpr,0.03840533643960953
train,cf-bpr,0.044483035802841187
train,cf-bpr,0.07606112211942673
train,cf-bpr,0.03593181073665619
train,cf-bpr,0.03265345096588135
train,cf-bpr,0.03139672800898552
train,cf-bpr,0.050646740943193436
train,cf-bpr,0.03619551286101341
train,cf-bpr,0.036508671939373016
train,cf-bpr,0.034099552780389786
train,cf-bpr,0.036714818328619
train,cf-bpr,0.03136146441102028
train,cf-bpr,0.031140102073550224
train,cf-bpr,0.038584206253290176
train,cf-bpr,0.03171071782708168
train,cf-bpr,0.035548266023397446
train,cf-bpr,0.03124832548201084
train,cf-bpr,0.03209483623504639
train,cf-bpr,0.03426389768719673
train,cf-bpr,0.03435983881354332
train,cf-bpr,0.037476543337106705
train,cf-bpr,0.03605949506163597
train,cf-bpr,0.03537709638476372
train,cf-bpr,0.02622857503592968
train,cf-bpr,0.031759269535541534
train,cf-bpr,0.034771036356687546
train,cf-bpr,0.04413404315710068
train,cf-bpr,0.04051484540104866
train,cf-bpr,0.04766266793012619
train,cf-bpr,0.029315099120140076
train,cf-bpr,0.06333083659410477
train,cf-bpr,0.026243336498737335
train,cf-bpr,0.03464299067854881
train,cf-bpr,0.035645030438899994
train,cf-bpr,0.05769733339548111
train,cf-bpr,0.027190901339054108
train,cf-bpr,0.03431697189807892
train,cf-bpr,0.03379696235060692
train,cf-bpr,0.03411239758133888
train,cf-bpr,0.029798490926623344
train,cf-bpr,0.03726065158843994
train,cf-bpr,0.05244658514857292
train,cf-bpr,0.044988323003053665
train,cf-bpr,0.03181295469403267
train,cf-bpr,0.03740352764725685
train,cf-bpr,0.03165307268500328
train,cf-bpr,0.06986420601606369
train,cf-bpr,0.047168876975774765
train,cf-bpr,0.03244850039482117
train,cf-bpr,0.039483316242694855
train,cf-bpr,0.036324046552181244
train,cf-bpr,0.03796940669417381
train,cf-bpr,0.07686054706573486
train,cf-bpr,0.03514145314693451
train,cf-bpr,0.030069148167967796
train,cf-bpr,0.03788616135716438
train,cf-bpr,0.03814253583550453
train,cf-bpr,0.031599175184965134
train,cf-bpr,0.029634568840265274
train,cf-bpr,0.03376718983054161
train,cf-bpr,0.033677373081445694
train,cf-bpr,0.030531862750649452
train,cf-bpr,0.028213996440172195
train,cf-bpr,0.04071611538529396
train,cf-bpr,0.03626066446304321
train,cf-bpr,0.03235899284482002
train,cf-bpr,0.03917476534843445
train,cf-bpr,0.03451887145638466
train,cf-bpr,0.05576523393392563
train,cf-bpr,0.04531183838844299
train,cf-bpr,0.0338134765625
train,cf-bpr,0.03472543880343437
train,cf-bpr,0.04009227827191353
train,cf-bpr,0.0333271399140358
train,cf-bpr,0.051272086799144745
train,cf-bpr,0.031209686771035194
train,cf-bpr,0.033033814281225204
train,cf-bpr,0.0386011078953743
train,cf-bpr,0.045220449566841125
train,cf-bpr,0.028179578483104706
train,cf-bpr,0.0326416939496994
train,cf-bpr,0.0342678464949131
train,cf-bpr,0.034317195415496826
train,cf-bpr,0.04972073808312416
train,cf-bpr,0.06310735642910004
train,cf-bpr,0.030627338215708733
train,cf-bpr,0.02737824060022831
train,cf-bpr,0.06435156613588333
train,cf-bpr,0.03167246654629707
train,cf-bpr,0.041142575442790985
train,cf-bpr,0.032862503081560135
train,cf-bpr,0.06723101437091827
train,cf-bpr,0.043723177164793015
train,cf-bpr,0.034042518585920334
train,cf-bpr,0.032042812556028366
train,cf-bpr,0.03898461535573006
train,cf-bpr,0.04097500070929527
train,cf-bpr,0.02784479781985283
train,cf-bpr,0.0361986868083477
train,cf-bpr,0.04144565761089325
train,cf-bpr,0.028153426945209503
train,cf-bpr,0.043409980833530426
train,cf-bpr,0.036496005952358246
train,cf-bpr,0.028691384941339493
train,cf-bpr,0.02393100969493389
train,cf-bpr,0.032058171927928925
train,cf-bpr,0.030157843604683876
train,cf-bpr,0.03980918228626251
train,cf-bpr,0.03761613368988037
train,cf-bpr,0.03620012849569321
train,cf-bpr,0.04004441946744919
train,cf-bpr,0.04027744382619858
train,cf-bpr,0.03503558039665222
train,cf-bpr,0.043201278895139694
train,cf-bpr,0.032020363956689835
train,cf-bpr,0.030774801969528198
train,cf-bpr,0.035613127052783966
train,cf-bpr,0.040199436247348785
train,cf-bpr,0.038237955421209335
train,cf-bpr,0.028499247506260872
train,cf-bpr,0.029360312968492508
train,cf-bpr,0.06912869215011597
train,cf-bpr,0.03235061466693878
train,cf-bpr,0.040006380528211594
train,cf-bpr,0.03232600912451744
train,cf-bpr,0.03720302879810333
train,cf-bpr,0.024726461619138718
train,cf-bpr,0.04263574257493019
train,cf-bpr,0.03939183056354523
train,cf-bpr,0.036078859120607376
train,cf-bpr,0.0344729907810688
train,cf-bpr,0.048657748848199844
train,cf-bpr,0.03635503351688385
train,cf-bpr,0.041183095425367355
train,cf-bpr,0.02854321524500847
train,cf-bpr,0.03518002852797508
train,cf-bpr,0.02794813923537731
train,cf-bpr,0.04151132330298424
train,cf-bpr,0.03189386799931526
train,cf-bpr,0.03313023969531059
train,cf-bpr,0.03174419328570366
train,cf-bpr,0.03905061259865761
train,cf-bpr,0.0409281887114048
train,cf-bpr,0.03481275960803032
train,cf-bpr,0.030300896614789963
train,cf-bpr,0.03618757426738739
train,cf-bpr,0.030967067927122116
train,cf-bpr,0.0425407811999321
train,cf-bpr,0.10669571906328201
train,cf-bpr,0.042175307869911194
train,cf-bpr,0.0317353680729866
train,cf-bpr,0.02644043229520321
train,cf-bpr,0.04048549383878708
train,cf-bpr,0.028913971036672592
train,cf-bpr,0.045990169048309326
train,cf-bpr,0.046186622232198715
train,cf-bpr,0.02926585264503956
train,cf-bpr,0.037811219692230225
train,cf-bpr,0.03528052195906639
train,cf-bpr,0.050814613699913025
train,cf-bpr,0.02953248657286167
train,cf-bpr,0.03298182785511017
train,cf-bpr,0.060933906584978104
train,cf-bpr,0.02957342192530632
train,cf-bpr,0.030643966048955917
train,cf-bpr,0.07850644737482071
train,cf-bpr,0.041004013270139694
train,cf-bpr,0.03977935016155243
train,cf-bpr,0.038549307733774185
train,cf-bpr,0.06548752635717392
train,cf-bpr,0.03175678849220276
train,cf-bpr,0.03300917521119118
train,cf-bpr,0.030036505311727524
train,cf-bpr,0.024633966386318207
train,cf-bpr,0.029639957472682
train,cf-bpr,0.02867441438138485
train,cf-bpr,0.03476235270500183
train,cf-bpr,0.05648631602525711
train,cf-bpr,0.03675054386258125
train,cf-bpr,0.04062327370047569
train,cf-bpr,0.030686605721712112
train,cf-bpr,0.04994133487343788
train,cf-bpr,0.03632539510726929
train,cf-bpr,0.04409538954496384
train,cf-bpr,0.034286919981241226
train,cf-bpr,0.029555797576904297
train,cf-bpr,0.03408169373869896
train,cf-bpr,0.04911692440509796
train,cf-bpr,0.03273485228419304
train,cf-bpr,0.04778647422790527
train,cf-bpr,0.03396537899971008
train,cf-bpr,0.05235033109784126
train,cf-bpr,0.043119244277477264
train,cf-bpr,0.032761767506599426
train,cf-bpr,0.03478274121880531
train,cf-bpr,0.04524899646639824
train,cf-bpr,0.037777625024318695
train,cf-bpr,0.03617962449789047
train,cf-bpr,0.040230464190244675
train,cf-bpr,0.044096317142248154
train,cf-bpr,0.03754451870918274
train,cf-bpr,0.04310072958469391
train,cf-bpr,0.03673582524061203
train,cf-bpr,0.028814617544412613
train,cf-bpr,0.03592321276664734
train,cf-bpr,0.031184647232294083
train,cf-bpr,0.04495784267783165
train,cf-bpr,0.03904237970709801
train,cf-bpr,0.046395204961299896
train,cf-bpr,0.07976245880126953
train,cf-bpr,0.03469787910580635
train,cf-bpr,0.03367065638303757
train,cf-bpr,0.03914474695920944
train,cf-bpr,0.03054630570113659
train,cf-bpr,0.049190815538167953
train,cf-bpr,0.032760947942733765
train,cf-bpr,0.03481103479862213
train,cf-bpr,0.051275189965963364
train,cf-bpr,0.038563456386327744
train,cf-bpr,0.0361749492585659
train,cf-bpr,0.044807761907577515
train,cf-bpr,0.04714442789554596
train,cf-bpr,0.047332048416137695
train,cf-bpr,0.04876818135380745
train,cf-bpr,0.028806298971176147
train,cf-bpr,0.040739506483078
train,cf-bpr,0.04567563906311989
train,cf-bpr,0.04949721321463585
train,cf-bpr,0.03423061966896057
train,cf-bpr,0.04693765193223953
train,cf-bpr,0.04231611266732216
train,cf-bpr,0.032906897366046906
train,cf-bpr,0.042475104331970215
train,cf-bpr,0.034417811781167984
train,cf-bpr,0.028589487075805664
train,cf-bpr,0.026695193722844124
train,cf-bpr,0.029383134096860886
train,cf-bpr,0.03603295236825943
train,cf-bpr,0.045937854796648026
train,cf-bpr,0.03855135664343834
train,cf-bpr,0.036848653107881546
train,cf-bpr,0.03333476185798645
train,cf-bpr,0.027761738747358322
train,cf-bpr,0.03330927714705467
train,cf-bpr,0.060459937900304794
train,cf-bpr,0.0288597010076046
train,cf-bpr,0.04721561819314957
train,cf-bpr,0.03800417482852936
train,cf-bpr,0.042267389595508575
train,cf-bpr,0.053082797676324844
train,cf-bpr,0.044926803559064865
train,cf-bpr,0.029103059321641922
train,cf-bpr,0.033883292227983475
train,cf-bpr,0.035541485995054245
train,cf-bpr,0.039364028722047806
train,cf-bpr,0.0299705658107996
train,cf-bpr,0.03286757692694664
train,cf-bpr,0.05782931670546532
train,cf-bpr,0.0347168929874897
train,cf-bpr,0.03848464787006378
train,cf-bpr,0.03135381639003754
train,cf-bpr,0.04354819282889366
train,cf-bpr,0.036567363888025284
train,cf-bpr,0.03938334062695503
train,cf-bpr,0.04014386609196663
train,cf-bpr,0.04140299931168556
train,cf-bpr,0.03585810586810112
train,cf-bpr,0.03576381877064705
train,cf-bpr,0.03857976570725441
train,cf-bpr,0.02831525355577469
train,cf-bpr,0.04568042233586311
train,cf-bpr,0.030729468911886215
train,cf-bpr,0.029555004090070724
train,cf-bpr,0.03294747322797775
train,cf-bpr,0.02550635114312172
train,cf-bpr,0.08605217188596725
train,cf-bpr,0.04533692076802254
train,cf-bpr,0.0333617739379406
train,cf-bpr,0.030127383768558502
train,cf-bpr,0.02601270191371441
train,cf-bpr,0.04033665731549263
train,cf-bpr,0.04785332456231117
train,cf-bpr,0.04222957417368889
train,cf-bpr,0.0438014380633831
train,cf-bpr,0.03382391855120659
train,cf-bpr,0.031992848962545395
train,cf-bpr,0.03562384098768234
train,cf-bpr,0.03545401245355606
train,cf-bpr,0.03720414265990257
train,cf-bpr,0.027412185445427895
train,cf-bpr,0.03777654096484184
train,cf-bpr,0.03593134507536888
train,cf-bpr,0.034550972282886505
train,cf-bpr,0.02896042913198471
train,cf-bpr,0.030475854873657227
train,cf-bpr,0.06369644403457642
train,cf-bpr,0.04030013829469681
train,cf-bpr,0.04431900009512901
train,cf-bpr,0.045084964483976364
train,cf-bpr,0.029894020408391953
train,cf-bpr,0.0447273850440979
train,cf-bpr,0.044656045734882355
train,cf-bpr,0.035926222801208496
train,cf-bpr,0.04386439174413681
train,cf-bpr,0.04373695328831673
train,cf-bpr,0.053521960973739624
train,cf-bpr,0.04003816843032837
train,cf-bpr,0.031174663454294205
train,cf-bpr,0.04593152925372124
train,cf-bpr,0.030548857524991035
train,cf-bpr,0.03769565001130104
train,cf-bpr,0.03329914063215256
train,cf-bpr,0.04536949470639229
train,cf-bpr,0.0847625657916069
train,cf-bpr,0.029957445338368416
train,cf-bpr,0.037802159786224365
train,cf-bpr,0.04704155772924423
train,cf-bpr,0.043000247329473495
train,cf-bpr,0.03807977959513664
train,cf-bpr,0.0450357161462307
train,cf-bpr,0.05273256450891495
train,cf-bpr,0.03280945122241974
train,cf-bpr,0.04796743765473366
train,cf-bpr,0.04069245234131813
train,cf-bpr,0.03736833110451698
train,cf-bpr,0.0316586010158062
train,cf-bpr,0.03564215451478958
train,cf-bpr,0.0721815750002861
train,cf-bpr,0.0296701081097126
train,cf-bpr,0.031161030754446983
train,cf-bpr,0.031034886837005615
train,cf-bpr,0.03860591724514961
train,cf-bpr,0.04412055388092995
train,cf-bpr,0.03971802443265915
train,cf-bpr,0.045060306787490845
train,cf-bpr,0.03210245445370674
train,cf-bpr,0.04076990857720375
train,cf-bpr,0.0393499955534935
train,cf-bpr,0.0343293733894825
train,cf-bpr,0.031408388167619705
train,cf-bpr,0.04054417088627815
train,cf-bpr,0.034422773867845535
train,cf-bpr,0.04674294963479042
train,cf-bpr,0.04139775410294533
train,cf-bpr,0.036409199237823486
train,cf-bpr,0.037537749856710434
train,cf-bpr,0.028469838201999664
train,cf-bpr,0.024159694090485573
train,cf-bpr,0.03508678823709488
train,cf-bpr,0.04710705205798149
train,cf-bpr,0.0346243754029274
train,cf-bpr,0.05391624569892883
train,cf-bpr,0.03230734169483185
train,cf-bpr,0.03783155977725983
train,cf-bpr,0.04150872305035591
train,cf-bpr,0.03237467631697655
train,cf-bpr,0.025777854025363922
train,cf-bpr,0.04109109565615654
train,cf-bpr,0.032091617584228516
train,cf-bpr,0.045085761696100235
train,cf-bpr,0.029061036184430122
train,cf-bpr,0.04506072402000427
train,cf-bpr,0.058103665709495544
train,cf-bpr,0.03215137496590614
train,cf-bpr,0.038552332669496536
train,cf-bpr,0.043850965797901154
train,cf-bpr,0.03529771789908409
train,cf-bpr,0.03731181100010872
train,cf-bpr,0.031033001840114594
train,cf-bpr,0.030735870823264122
train,cf-bpr,0.03964335471391678
train,cf-bpr,0.026439368724822998
train,cf-bpr,0.033168960362672806
train,cf-bpr,0.043908290565013885
train,cf-bpr,0.036132294684648514
train,cf-bpr,0.031955789774656296
train,cf-bpr,0.0937146246433258
train,cf-bpr,0.03865979239344597
train,cf-bpr,0.035883285105228424
train,cf-bpr,0.03498091921210289
train,cf-bpr,0.0366748608648777
train,cf-bpr,0.08404874801635742
train,cf-bpr,0.04001975059509277
train,cf-bpr,0.04157283902168274
train,cf-bpr,0.027880273759365082
train,cf-bpr,0.04313155636191368
train,cf-bpr,0.028188571333885193
train,cf-bpr,0.04353926330804825
train,cf-bpr,0.06685372442007065
train,cf-bpr,0.036957427859306335
train,cf-bpr,0.042438216507434845
train,cf-bpr,0.028665710240602493
train,cf-bpr,0.033076267689466476
train,cf-bpr,0.029302842915058136
train,cf-bpr,0.03685532510280609
train,cf-bpr,0.04136500135064125
train,cf-bpr,0.04284712299704552
train,cf-bpr,0.032144442200660706
train,cf-bpr,0.03193718194961548
train,cf-bpr,0.029655257239937782
train,cf-bpr,0.028443986549973488
train,cf-bpr,0.03389083966612816
train,cf-bpr,0.03829170763492584
train,cf-bpr,0.04230023920536041
train,cf-bpr,0.055523063987493515
train,cf-bpr,0.03286660835146904
train,cf-bpr,0.03582284227013588
train,cf-bpr,0.033632826060056686
train,cf-bpr,0.03558625653386116
train,cf-bpr,0.06761905550956726
train,cf-bpr,0.04963923990726471
train,cf-bpr,0.03133653104305267
train,cf-bpr,0.04673273116350174
train,cf-bpr,0.07412956655025482
train,cf-bpr,0.04197078198194504
train,cf-bpr,0.0558830089867115
train,cf-bpr,0.0248912051320076
train,cf-bpr,0.048700373619794846
train,cf-bpr,0.02837362140417099
train,cf-bpr,0.03601077198982239
train,cf-bpr,0.055518802255392075
train,cf-bpr,0.0805438905954361
train,cf-bpr,0.028234492987394333
train,cf-bpr,0.029931269586086273
train,cf-bpr,0.03292267397046089
train,cf-bpr,0.03549076244235039
train,cf-bpr,0.03977281600236893
train,cf-bpr,0.02830643765628338
train,cf-bpr,0.03113762103021145
train,cf-bpr,0.03313726931810379
train,cf-bpr,0.028574857860803604
train,cf-bpr,0.03875564783811569
train,cf-bpr,0.033977266401052475
train,cf-bpr,0.03644184768199921
train,cf-bpr,0.03587082028388977
train,cf-bpr,0.04338590055704117
train,cf-bpr,0.039425261318683624
train,cf-bpr,0.02915126271545887
train,cf-bpr,0.03802181035280228
train,cf-bpr,0.05033336952328682
train,cf-bpr,0.028291352093219757
train,cf-bpr,0.030421225354075432
train,cf-bpr,0.047676678746938705
train,cf-bpr,0.03169448673725128
train,cf-bpr,0.04232420399785042
train,cf-bpr,0.036125313490629196
train,cf-bpr,0.039385952055454254
train,cf-bpr,0.05042676627635956
train,cf-bpr,0.05344347655773163
train,cf-bpr,0.04957050830125809
train,cf-bpr,0.04355701431632042
train,cf-bpr,0.030765457078814507
train,cf-bpr,0.04042435437440872
train,cf-bpr,0.0731162279844284
train,cf-bpr,0.037978701293468475
train,cf-bpr,0.033014699816703796
train,cf-bpr,0.03299814090132713
train,cf-bpr,0.040888961404561996
train,cf-bpr,0.05013702064752579
train,cf-bpr,0.06833913922309875
train,cf-bpr,0.03175295516848564
train,cf-bpr,0.0442315936088562
train,cf-bpr,0.032644156366586685
train,cf-bpr,0.05337848141789436
train,cf-bpr,0.02886435016989708
train,cf-bpr,0.02746432088315487
train,cf-bpr,0.051754243671894073
train,cf-bpr,0.0376189760863781
train,cf-bpr,0.02513406239449978
train,cf-bpr,0.0514281690120697
train,cf-bpr,0.04387148842215538
train,cf-bpr,0.02804279886186123
train,cf-bpr,0.035077352076768875
train,cf-bpr,0.04250280186533928
train,cf-bpr,0.03166099637746811
train,cf-bpr,0.04829761013388634
train,cf-bpr,0.04435354843735695
train,cf-bpr,0.03180721774697304
train,cf-bpr,0.0317235141992569
train,cf-bpr,0.07789932936429977
train,cf-bpr,0.033210743218660355
train,cf-bpr,0.03971550241112709
train,cf-bpr,0.03547205403447151
train,cf-bpr,0.036491964012384415
train,cf-bpr,0.03812333196401596
train,cf-bpr,0.028286907821893692
train,cf-bpr,0.06899362802505493
train,cf-bpr,0.04399511590600014
train,cf-bpr,0.03478691354393959
train,cf-bpr,0.030709505081176758
train,cf-bpr,0.040063291788101196
train,cf-bpr,0.035018693655729294
train,cf-bpr,0.04593281447887421
train,cf-bpr,0.032757923007011414
train,cf-bpr,0.038899701088666916
train,cf-bpr,0.05826745182275772
train,cf-bpr,0.041713740676641464
train,cf-bpr,0.025997629389166832
train,cf-bpr,0.029425865039229393
train,cf-bpr,0.02781577594578266
train,cf-bpr,0.033981990069150925
train,cf-bpr,0.04312026500701904
train,cf-bpr,0.04077210649847984
train,cf-bpr,0.03432633355259895
train,cf-bpr,0.039345886558294296
train,cf-bpr,0.038158684968948364
train,cf-bpr,0.04664668068289757
train,cf-bpr,0.03945363685488701
train,cf-bpr,0.03777142986655235
train,cf-bpr,0.03057590126991272
train,cf-bpr,0.028320344164967537
train,cf-bpr,0.04117036238312721
train,cf-bpr,0.027482695877552032
train,cf-bpr,0.04128265753388405
train,cf-bpr,0.04218246787786484
train,cf-bpr,0.03694842383265495
train,cf-bpr,0.030911622568964958
train,cf-bpr,0.025394966825842857
train,cf-bpr,0.04086877778172493
train,cf-bpr,0.05695565789937973
train,cf-bpr,0.04076042026281357
train,cf-bpr,0.02543129026889801
train,cf-bpr,0.03590567037463188
train,cf-bpr,0.03050350397825241
train,cf-bpr,0.04194457828998566
train,cf-bpr,0.02800317108631134
train,cf-bpr,0.034171272069215775
train,cf-bpr,0.02741875872015953
train,cf-bpr,0.048556722700595856
train,cf-bpr,0.03676234185695648
train,cf-bpr,0.025121627375483513
train,cf-bpr,0.03731551393866539
train,cf-bpr,0.041842930018901825
train,cf-bpr,0.03586689010262489
train,cf-bpr,0.03964723274111748
train,cf-bpr,0.03877464309334755
train,cf-bpr,0.03444206714630127
train,cf-bpr,0.049269262701272964
train,cf-bpr,0.03323392570018768
train,cf-bpr,0.06505114585161209
train,cf-bpr,0.035348378121852875
train,cf-bpr,0.03633338585495949
train,cf-bpr,0.06785807013511658
train,cf-bpr,0.03929711878299713
train,cf-bpr,0.04435577616095543
train,cf-bpr,0.038757238537073135
train,cf-bpr,0.029779532924294472
train,cf-bpr,0.027842363342642784
train,cf-bpr,0.06470490247011185
train,cf-bpr,0.023350941017270088
train,cf-bpr,0.033593203872442245
train,cf-bpr,0.033469729125499725
train,cf-bpr,0.05142773687839508
train,cf-bpr,0.04245458170771599
train,cf-bpr,0.03506139665842056
train,cf-bpr,0.04033443331718445
train,cf-bpr,0.0414150133728981
train,cf-bpr,0.03870892524719238
train,cf-bpr,0.03799138218164444
train,cf-bpr,0.05442926287651062
train,cf-bpr,0.05353258550167084
train,cf-bpr,0.03791465237736702
train,cf-bpr,0.03292257338762283
train,cf-bpr,0.044946037232875824
train,cf-bpr,0.026203425601124763
train,cf-bpr,0.043574072420597076
train,cf-bpr,0.03413854166865349
train,cf-bpr,0.04099757969379425
train,cf-bpr,0.04478868097066879
train,cf-bpr,0.09563744813203812
train,cf-bpr,0.03779079392552376
train,cf-bpr,0.038478076457977295
train,cf-bpr,0.045735787600278854
train,cf-bpr,0.03395489230751991
train,cf-bpr,0.03478538244962692
train,cf-bpr,0.05400257557630539
train,cf-bpr,0.041431330144405365
train,cf-bpr,0.053541526198387146
train,cf-bpr,0.03293588384985924
train,cf-bpr,0.0514676459133625
train,cf-bpr,0.037235964089632034
train,cf-bpr,0.037287186831235886
train,cf-bpr,0.04079826548695564
train,cf-bpr,0.05396539345383644
train,cf-bpr,0.03154339641332626
train,cf-bpr,0.025193654000759125
train,cf-bpr,0.029629193246364594
train,cf-bpr,0.03452010825276375
train,cf-bpr,0.0313425287604332
train,cf-bpr,0.03471027687191963
train,cf-bpr,0.03898569568991661
train,cf-bpr,0.037958014756441116
train,cf-bpr,0.044872112572193146
train,cf-bpr,0.038885731250047684
train,cf-bpr,0.057084567844867706
train,cf-bpr,0.03889920562505722
train,cf-bpr,0.04054246470332146
train,cf-bpr,0.10712114721536636
train,cf-bpr,0.041609447449445724
train,cf-bpr,0.0381358340382576
train,cf-bpr,0.0339326336979866
train,cf-bpr,0.0423886775970459
train,cf-bpr,0.03525766730308533
train,cf-bpr,0.043527185916900635
train,cf-bpr,0.028546549379825592
train,cf-bpr,0.03865552693605423
train,cf-bpr,0.03677000477910042
train,cf-bpr,0.03199238330125809
train,cf-bpr,0.03209299594163895
train,cf-bpr,0.05635639652609825
train,cf-bpr,0.039823487401008606
train,cf-bpr,0.060565169900655746
train,cf-bpr,0.03880124166607857
train,cf-bpr,0.045054707676172256
train,cf-bpr,0.029669946059584618
train,cf-bpr,0.0493563637137413
train,cf-bpr,0.03591402620077133
train,cf-bpr,0.03852703049778938
train,cf-bpr,0.030170302838087082
train,cf-bpr,0.04107842594385147
train,cf-bpr,0.032934725284576416
train,cf-bpr,0.09281252324581146
train,cf-bpr,0.03694561868906021
train,cf-bpr,0.04676197096705437
train,cf-bpr,0.030256636440753937
train,cf-bpr,0.04053482040762901
train,cf-bpr,0.0314457006752491
train,cf-bpr,0.03451094031333923
train,cf-bpr,0.0418800488114357
train,cf-bpr,0.033876433968544006
train,cf-bpr,0.028027905151247978
train,cf-bpr,0.04806849732995033
train,cf-bpr,0.04148900508880615
train,cf-bpr,0.030506206676363945
train,cf-bpr,0.04241308569908142
train,cf-bpr,0.030415358021855354
train,cf-bpr,0.043585311621427536
train,cf-bpr,0.053341738879680634
train,cf-bpr,0.0324009470641613
train,cf-bpr,0.03912949934601784
train,cf-bpr,0.036758795380592346
train,cf-bpr,0.02824297919869423
train,cf-bpr,0.09545159339904785
train,cf-bpr,0.028384456411004066
train,cf-bpr,0.040256597101688385
train,cf-bpr,0.0440993458032608
train,cf-bpr,0.03719870373606682
train,cf-bpr,0.03114684671163559
train,cf-bpr,0.03838822990655899
train,cf-bpr,0.027399197220802307
train,cf-bpr,0.030257800593972206
train,cf-bpr,0.055900465697050095
train,cf-bpr,0.03980826586484909
train,cf-bpr,0.030970988795161247
train,cf-bpr,0.04122317582368851
train,cf-bpr,0.04121895879507065
train,cf-bpr,0.03181591257452965
train,cf-bpr,0.049586016684770584
train,cf-bpr,0.031649764627218246
train,cf-bpr,0.026107892394065857
train,cf-bpr,0.03178200498223305
train,cf-bpr,0.06979899108409882
train,cf-bpr,0.04082820564508438
train,cf-bpr,0.03929033502936363
train,cf-bpr,0.0374077670276165
train,cf-bpr,0.034853674471378326
train,cf-bpr,0.04476934298872948
train,cf-bpr,0.029265178367495537
train,cf-bpr,0.05541567876935005
train,cf-bpr,0.03134600818157196
train,cf-bpr,0.03466017171740532
train,cf-bpr,0.03844979777932167
train,cf-bpr,0.04956256225705147
train,cf-bpr,0.035794127732515335
train,cf-bpr,0.02461872436106205
train,cf-bpr,0.038028765469789505
train,cf-bpr,0.06738521158695221
train,cf-bpr,0.035467930138111115
train,cf-bpr,0.03062734380364418
train,cf-bpr,0.03415604308247566
train,cf-bpr,0.04178256914019585
train,cf-bpr,0.05869485065340996
train,cf-bpr,0.03876524791121483
train,cf-bpr,0.02937566488981247
train,cf-bpr,0.03891738876700401
train,cf-bpr,0.028887463733553886
train,cf-bpr,0.07493962347507477
train,cf-bpr,0.0570698082447052
train,cf-bpr,0.0397571325302124
train,cf-bpr,0.029880467802286148
train,cf-bpr,0.03043483942747116
train,cf-bpr,0.030198728665709496
train,cf-bpr,0.03487610071897507
train,cf-bpr,0.029467713087797165
train,cf-bpr,0.041803028434515
train,cf-bpr,0.026061179116368294
train,cf-bpr,0.05030103027820587
train,cf-bpr,0.038074083626270294
train,cf-bpr,0.02814382128417492
train,cf-bpr,0.035334862768650055
train,cf-bpr,0.056477226316928864
train,cf-bpr,0.039175376296043396
train,cf-bpr,0.04091992229223251
train,cf-bpr,0.0350460410118103
train,cf-bpr,0.031565867364406586
train,cf-bpr,0.04567876085639
train,cf-bpr,0.04315473511815071
train,cf-bpr,0.044937390834093094
train,cf-bpr,0.042672451585531235
train,cf-bpr,0.03587804362177849
train,cf-bpr,0.0448649562895298
train,cf-bpr,0.05062487721443176
train,cf-bpr,0.037115003913640976
train,cf-bpr,0.029980000108480453
train,cf-bpr,0.031671032309532166
train,cf-bpr,0.03295323997735977
train,cf-bpr,0.047493986785411835
train,cf-bpr,0.038489002734422684
train,cf-bpr,0.03931776434183121
train,cf-bpr,0.03648800030350685
train,cf-bpr,0.030533533543348312
train,cf-bpr,0.04479317367076874
train,cf-bpr,0.03084278665482998
train,cf-bpr,0.05284687504172325
train,cf-bpr,0.049906328320503235
train,cf-bpr,0.046927474439144135
train,cf-bpr,0.04213251173496246
train,cf-bpr,0.02809905633330345
train,cf-bpr,0.031016908586025238
train,cf-bpr,0.026973888278007507
train,cf-bpr,0.03374934569001198
train,cf-bpr,0.07003483176231384
train,cf-bpr,0.03337154909968376
train,cf-bpr,0.03296893090009689
train,cf-bpr,0.07662680000066757
train,cf-bpr,0.037339948117733
train,cf-bpr,0.04392962530255318
train,cf-bpr,0.034207187592983246
train,cf-bpr,0.03576981648802757
train,cf-bpr,0.07556811720132828
train,cf-bpr,0.03556220233440399
train,cf-bpr,0.03813881054520607
train,cf-bpr,0.048735152930021286
train,cf-bpr,0.035478007048368454
train,cf-bpr,0.03136741742491722
train,cf-bpr,0.04854162037372589
train,cf-bpr,0.03263824060559273
train,cf-bpr,0.047007497400045395
train,cf-bpr,0.04332578182220459
train,cf-bpr,0.057341136038303375
train,cf-bpr,0.03770018741488457
train,cf-bpr,0.027774589136242867
train,cf-bpr,0.04298629239201546
train,cf-bpr,0.04342605546116829
train,cf-bpr,0.04523236304521561
train,cf-bpr,0.03000349923968315
train,cf-bpr,0.040078770369291306
train,cf-bpr,0.03953736275434494
train,cf-bpr,0.040647950023412704
train,cf-bpr,0.04027405381202698
train,cf-bpr,0.03473570570349693
train,cf-bpr,0.042341448366642
train,cf-bpr,0.041883014142513275
train,cf-bpr,0.03968510776758194
train,cf-bpr,0.02944903075695038
train,cf-bpr,0.030975494533777237
train,cf-bpr,0.056227460503578186
train,cf-bpr,0.042723722755908966
train,cf-bpr,0.04416933283209801
train,cf-bpr,0.0313386432826519
train,cf-bpr,0.04114707559347153
train,cf-bpr,0.038576558232307434
train,cf-bpr,0.04354364797472954
train,cf-bpr,0.03127411752939224
train,cf-bpr,0.0399978831410408
train,cf-bpr,0.0273190476000309
train,cf-bpr,0.06696657836437225
train,cf-bpr,0.050277963280677795
train,cf-bpr,0.03467750921845436
train,cf-bpr,0.039035335183143616
train,cf-bpr,0.034005530178546906
train,cf-bpr,0.04596470668911934
train,cf-bpr,0.04148566722869873
train,cf-bpr,0.030692707747220993
train,cf-bpr,0.04089392349123955
train,cf-bpr,0.02976078726351261
train,cf-bpr,0.04319141060113907
train,cf-bpr,0.02892087958753109
train,cf-bpr,0.03774833679199219
train,cf-bpr,0.03614518418908119
train,cf-bpr,0.032823171466588974
train,cf-bpr,0.0305713452398777
train,cf-bpr,0.05562664940953255
train,cf-bpr,0.052275992929935455
train,cf-bpr,0.039857856929302216
train,cf-bpr,0.05103638768196106
train,cf-bpr,0.038536299020051956
train,cf-bpr,0.04294099286198616
train,cf-bpr,0.042809173464775085
train,cf-bpr,0.03577776253223419
train,cf-bpr,0.03700713440775871
train,cf-bpr,0.039306219667196274
train,cf-bpr,0.04542628303170204
train,cf-bpr,0.02592046931385994
train,cf-bpr,0.029395297169685364
train,cf-bpr,0.04146705940365791
train,cf-bpr,0.03067610412836075
train,cf-bpr,0.03974599391222
train,cf-bpr,0.033503208309412
train,cf-bpr,0.041052572429180145
train,cf-bpr,0.04694013670086861
train,cf-bpr,0.03828814998269081
train,cf-bpr,0.02566344104707241
train,cf-bpr,0.03179534897208214
train,cf-bpr,0.03743407502770424
train,cf-bpr,0.03861548751592636
train,cf-bpr,0.043438561260700226
train,cf-bpr,0.06318534910678864
train,cf-bpr,0.025847792625427246
train,cf-bpr,0.05485820770263672
train,cf-bpr,0.043884143233299255
train,cf-bpr,0.030883220955729485
train,cf-bpr,0.030445566400885582
train,cf-bpr,0.07598473876714706
train,cf-bpr,0.040203340351581573
train,cf-bpr,0.0310119166970253
train,cf-bpr,0.04084770753979683
train,cf-bpr,0.037630487233400345
train,cf-bpr,0.02801482379436493
train,cf-bpr,0.04730775207281113
train,cf-bpr,0.04843178763985634
train,cf-bpr,0.03684665635228157
train,cf-bpr,0.03412770852446556
train,cf-bpr,0.03722386807203293
train,cf-bpr,0.03579690307378769
train,cf-bpr,0.0518815778195858
train,cf-bpr,0.08140067756175995
train,cf-bpr,0.03267716243863106
train,cf-bpr,0.04115378111600876
train,cf-bpr,0.028560800477862358
train,cf-bpr,0.033590927720069885
train,cf-bpr,0.047336604446172714
train,cf-bpr,0.030788712203502655
train,cf-bpr,0.03518436476588249
train,cf-bpr,0.035110097378492355
train,cf-bpr,0.047786518931388855
train,cf-bpr,0.05639772117137909
train,cf-bpr,0.042914364486932755
train,cf-bpr,0.03528831899166107
train,cf-bpr,0.03885653242468834
train,cf-bpr,0.04290035739541054
train,cf-bpr,0.027623184025287628
train,cf-bpr,0.03644441068172455
train,cf-bpr,0.049080196768045425
train,cf-bpr,0.03205568715929985
train,cf-bpr,0.04052753001451492
train,cf-bpr,0.03802599757909775
train,cf-bpr,0.027027202770113945
train,cf-bpr,0.04698186740279198
train,cf-bpr,0.027456069365143776
train,cf-bpr,0.03434615209698677
train,cf-bpr,0.03501437231898308
train,cf-bpr,0.034234367311000824
train,cf-bpr,0.03688963130116463
train,cf-bpr,0.04127325490117073
train,cf-bpr,0.050249841064214706
train,cf-bpr,0.038504522293806076
train,cf-bpr,0.054390206933021545
train,cf-bpr,0.06505882740020752
train,cf-bpr,0.05611124262213707
train,cf-bpr,0.045559320598840714
train,cf-bpr,0.046320658177137375
train,cf-bpr,0.046942878514528275
train,cf-bpr,0.04043780639767647
train,cf-bpr,0.033364661037921906
train,cf-bpr,0.03451349958777428
train,cf-bpr,0.054392095655202866
train,cf-bpr,0.026145288720726967
train,cf-bpr,0.03574339672923088
train,cf-bpr,0.04167115315794945
train,cf-bpr,0.03186000883579254
train,cf-bpr,0.03332015499472618
train,cf-bpr,0.04264311119914055
train,cf-bpr,0.0401991531252861
train,cf-bpr,0.04219534993171692
train,cf-bpr,0.03360952064394951
train,cf-bpr,0.03819483518600464
train,cf-bpr,0.040930718183517456
train,cf-bpr,0.044789839535951614
train,cf-bpr,0.033723507076501846
train,cf-bpr,0.03374319151043892
train,cf-bpr,0.044000063091516495
train,cf-bpr,0.036649323999881744
train,cf-bpr,0.03172099217772484
train,cf-bpr,0.040009718388319016
train,cf-bpr,0.03964005783200264
train,cf-bpr,0.05536807328462601
train,cf-bpr,0.02838435396552086
train,cf-bpr,0.03544584661722183
train,cf-bpr,0.039242856204509735
train,cf-bpr,0.031307071447372437
train,cf-bpr,0.03710563853383064
train,cf-bpr,0.03482968360185623
train,cf-bpr,0.03669518977403641
train,cf-bpr,0.03572143614292145
train,cf-bpr,0.04046385735273361
train,cf-bpr,0.038421906530857086
train,cf-bpr,0.035027019679546356
train,cf-bpr,0.026563921943306923
train,cf-bpr,0.04627286270260811
train,cf-bpr,0.03190571442246437
train,cf-bpr,0.03164466470479965
train,cf-bpr,0.03989249840378761
train,cf-bpr,0.04880702495574951
train,cf-bpr,0.05173923447728157
train,cf-bpr,0.033540476113557816
train,cf-bpr,0.0396198108792305
train,cf-bpr,0.03881480172276497
train,cf-bpr,0.04631670564413071
train,cf-bpr,0.03540700674057007
train,cf-bpr,0.04219049587845802
train,cf-bpr,0.06257830560207367
train,cf-bpr,0.036457255482673645
train,cf-bpr,0.03841029480099678
train,cf-bpr,0.032563209533691406
train,cf-bpr,0.030442316085100174
train,cf-bpr,0.04516390338540077
train,cf-bpr,0.02705436199903488
train,cf-bpr,0.028626520186662674
train,cf-bpr,0.03108653426170349
train,cf-bpr,0.048741765320301056
train,cf-bpr,0.0267015490680933
train,cf-bpr,0.08159705251455307
train,cf-bpr,0.04085566848516464
train,cf-bpr,0.057931333780288696
train,cf-bpr,0.04273331165313721
train,cf-bpr,0.05965819209814072
train,cf-bpr,0.08211106806993484
train,cf-bpr,0.03930746391415596
train,cf-bpr,0.03153896704316139
train,cf-bpr,0.02986854501068592
train,cf-bpr,0.04135412722826004
train,cf-bpr,0.03641863167285919
train,cf-bpr,0.04979914054274559
train,cf-bpr,0.029830001294612885
train,cf-bpr,0.04278070852160454
train,cf-bpr,0.03915325924754143
train,cf-bpr,0.031315479427576065
train,cf-bpr,0.046502597630023956
train,cf-bpr,0.0300738662481308
train,cf-bpr,0.04284160956740379
train,cf-bpr,0.04032057151198387
train,cf-bpr,0.03312328830361366
train,cf-bpr,0.04374481737613678
train,cf-bpr,0.039180755615234375
train,cf-bpr,0.025272555649280548
train,cf-bpr,0.03781842067837715
train,cf-bpr,0.04401684179902077
train,cf-bpr,0.03634253889322281
train,cf-bpr,0.040861885994672775
train,cf-bpr,0.040225837379693985
train,cf-bpr,0.035755857825279236
train,cf-bpr,0.057052794843912125
train,cf-bpr,0.030809257179498672
train,cf-bpr,0.036810558289289474
train,cf-bpr,0.04790930077433586
train,cf-bpr,0.041906312108039856
train,cf-bpr,0.03180064633488655
train,cf-bpr,0.03654946759343147
train,cf-bpr,0.03144633769989014
train,cf-bpr,0.0722455084323883
train,cf-bpr,0.04327528551220894
train,cf-bpr,0.037210799753665924
train,cf-bpr,0.08521124720573425
train,cf-bpr,0.03530603274703026
train,cf-bpr,0.038763951510190964
train,cf-bpr,0.026940668001770973
train,cf-bpr,0.027939824387431145
train,cf-bpr,0.027247648686170578
train,cf-bpr,0.03283874690532684
train,cf-bpr,0.0368509478867054
train,cf-bpr,0.03165067732334137
train,cf-bpr,0.06293319910764694
train,cf-bpr,0.037869688123464584
train,cf-bpr,0.036003679037094116
train,cf-bpr,0.0329948365688324
train,cf-bpr,0.04680727422237396
train,cf-bpr,0.036120038479566574
train,cf-bpr,0.03364628180861473
train,cf-bpr,0.0359792597591877
train,cf-bpr,0.046910613775253296
train,cf-bpr,0.02704998292028904
train,cf-bpr,0.045271892100572586
train,cf-bpr,0.030402276664972305
train,cf-bpr,0.038680512458086014
train,cf-bpr,0.04299309849739075
train,cf-bpr,0.029559383168816566
train,cf-bpr,0.028101913630962372
train,cf-bpr,0.04338265210390091
train,cf-bpr,0.035220421850681305
train,cf-bpr,0.04869047924876213
train,cf-bpr,0.03531629592180252
train,cf-bpr,0.03307822719216347
train,cf-bpr,0.03068668209016323
train,cf-bpr,0.036858901381492615
train,cf-bpr,0.03723011165857315
train,cf-bpr,0.03286798670887947
train,cf-bpr,0.08031332492828369
train,cf-bpr,0.08268970996141434
train,cf-bpr,0.050638001412153244
train,cf-bpr,0.0501532219350338
train,cf-bpr,0.04239102452993393
train,cf-bpr,0.04223589971661568
train,cf-bpr,0.02604445442557335
train,cf-bpr,0.043135832995176315
train,cf-bpr,0.030298810452222824
train,cf-bpr,0.03722304105758667
train,cf-bpr,0.04135287553071976
train,cf-bpr,0.03216991946101189
train,cf-bpr,0.03687407448887825
train,cf-bpr,0.046844277530908585
train,cf-bpr,0.035506512969732285
train,cf-bpr,0.03262485936284065
train,cf-bpr,0.02776051126420498
train,cf-bpr,0.03096521832048893
train,cf-bpr,0.03345015272498131
train,cf-bpr,0.03491458669304848
train,cf-bpr,0.04382399097084999
train,cf-bpr,0.033135659992694855
train,cf-bpr,0.033027283847332
train,cf-bpr,0.07989771664142609
train,cf-bpr,0.03622741252183914
train,cf-bpr,0.05462941154837608
train,cf-bpr,0.0388277992606163
train,cf-bpr,0.029214512556791306
train,cf-bpr,0.04033207148313522
train,cf-bpr,0.04018296301364899
train,cf-bpr,0.025151219218969345
train,cf-bpr,0.02884538657963276
train,cf-bpr,0.04756394028663635
train,cf-bpr,0.03818397596478462
train,cf-bpr,0.038971465080976486
train,cf-bpr,0.03938319906592369
train,cf-bpr,0.03221185505390167
train,cf-bpr,0.03696218505501747
train,cf-bpr,0.03221071511507034
train,cf-bpr,0.03941887617111206
train,cf-bpr,0.038525085896253586
train,cf-bpr,0.02717640995979309
train,cf-bpr,0.03532799705862999
train,cf-bpr,0.028435764834284782
train,cf-bpr,0.06041465327143669
train,cf-bpr,0.0471181757748127
train,cf-bpr,0.04489501938223839
train,cf-bpr,0.03666864335536957
train,cf-bpr,0.03548760339617729
train,cf-bpr,0.029377851635217667
train,cf-bpr,0.037506479769945145
train,cf-bpr,0.04902206361293793
train,cf-bpr,0.033974941819906235
train,cf-bpr,0.040964093059301376
train,cf-bpr,0.038108035922050476
train,cf-bpr,0.036573708057403564
train,cf-bpr,0.03486354649066925
train,cf-bpr,0.02284894324839115
train,cf-bpr,0.048219069838523865
train,cf-bpr,0.03299121931195259
train,cf-bpr,0.02554500289261341
train,cf-bpr,0.03864406794309616
train,cf-bpr,0.030340438708662987
train,cf-bpr,0.041494764387607574
train,cf-bpr,0.03590584173798561
train,cf-bpr,0.036680929362773895
train,cf-bpr,0.041106440126895905
train,cf-bpr,0.03752262517809868
train,cf-bpr,0.06908989697694778
train,cf-bpr,0.029675990343093872
train,cf-bpr,0.03332991525530815
train,cf-bpr,0.0367201566696167
train,cf-bpr,0.027300944551825523
train,cf-bpr,0.10430342704057693
train,cf-bpr,0.03764364495873451
train,cf-bpr,0.06327520310878754
train,cf-bpr,0.03442014008760452
train,cf-bpr,0.040232665836811066
train,cf-bpr,0.0350930392742157
train,cf-bpr,0.06200258433818817
train,cf-bpr,0.04675253480672836
train,cf-bpr,0.03935619443655014
train,cf-bpr,0.03937140852212906
train,cf-bpr,0.04626680910587311
train,cf-bpr,0.03252222016453743
train,cf-bpr,0.041423942893743515
train,cf-bpr,0.03926964849233627
train,cf-bpr,0.06608740985393524
train,cf-bpr,0.03743772581219673
train,cf-bpr,0.04116189479827881
train,cf-bpr,0.033873483538627625
train,cf-bpr,0.10557302832603455
train,cf-bpr,0.0410674549639225
train,cf-bpr,0.02934175543487072
train,cf-bpr,0.048561371862888336
train,cf-bpr,0.04308004677295685
train,cf-bpr,0.032813623547554016
train,cf-bpr,0.03942524269223213
train,cf-bpr,0.03356529772281647
train,cf-bpr,0.03523217886686325
train,cf-bpr,0.031148554757237434
train,cf-bpr,0.030682377517223358
train,cf-bpr,0.03142063319683075
train,cf-bpr,0.04641839489340782
train,cf-bpr,0.04728138446807861
train,cf-bpr,0.031708765774965286
train,cf-bpr,0.0368632934987545
train,cf-bpr,0.05982771888375282
train,cf-bpr,0.04046063497662544
train,cf-bpr,0.04221878945827484
train,cf-bpr,0.029091017320752144
train,cf-bpr,0.03614337369799614
train,cf-bpr,0.04170120134949684
train,cf-bpr,0.03646734729409218
train,cf-bpr,0.025836743414402008
train,cf-bpr,0.029362361878156662
train,cf-bpr,0.03194242715835571
train,cf-bpr,0.056382376700639725
train,cf-bpr,0.044099774211645126
train,cf-bpr,0.0365489237010479
train,cf-bpr,0.03709854930639267
train,cf-bpr,0.051822464913129807
train,cf-bpr,0.044307298958301544
train,cf-bpr,0.031101929023861885
train,cf-bpr,0.03421342372894287
train,cf-bpr,0.046706750988960266
train,cf-bpr,0.04264587163925171
train,cf-bpr,0.03700374811887741
train,cf-bpr,0.03494281321763992
train,cf-bpr,0.036846816539764404
train,cf-bpr,0.03375359624624252
train,cf-bpr,0.041160717606544495
train,cf-bpr,0.04139557480812073
train,cf-bpr,0.03652007132768631
train,cf-bpr,0.04954049363732338
train,cf-bpr,0.03555430844426155
train,cf-bpr,0.03496946021914482
train,cf-bpr,0.037061356008052826
train,cf-bpr,0.029655080288648605
train,cf-bpr,0.03151583671569824
train,cf-bpr,0.039672091603279114
train,cf-bpr,0.056849513202905655
train,cf-bpr,0.039955683052539825
train,cf-bpr,0.03727575019001961
train,cf-bpr,0.028183624148368835
train,cf-bpr,0.02882588841021061
train,cf-bpr,0.03918899595737457
train,cf-bpr,0.03620878607034683
train,cf-bpr,0.03018488921225071
train,cf-bpr,0.02721673808991909
train,cf-bpr,0.03193628042936325
train,cf-bpr,0.04744875431060791
train,cf-bpr,0.03478585183620453
train,cf-bpr,0.045675888657569885
train,cf-bpr,0.04405022785067558
train,cf-bpr,0.07888661324977875
train,cf-bpr,0.03168006241321564
train,cf-bpr,0.0347185842692852
train,cf-bpr,0.04186798632144928
train,cf-bpr,0.03239522874355316
train,cf-bpr,0.030751902610063553
train,cf-bpr,0.04129301756620407
train,cf-bpr,0.03251216933131218
train,cf-bpr,0.037440307438373566
train,cf-bpr,0.04288284108042717
train,cf-bpr,0.05930577591061592
train,cf-bpr,0.03522505238652229
train,cf-bpr,0.034160830080509186
train,cf-bpr,0.03133310750126839
train,cf-bpr,0.04560435563325882
train,cf-bpr,0.03341704234480858
train,cf-bpr,0.037610821425914764
train,cf-bpr,0.044307641685009
train,cf-bpr,0.06445357948541641
train,cf-bpr,0.031781986355781555
train,cf-bpr,0.05088159814476967
train,cf-bpr,0.03199014812707901
train,cf-bpr,0.029371637850999832
train,cf-bpr,0.036810871213674545
train,cf-bpr,0.040968213230371475
train,cf-bpr,0.0355684794485569
train,cf-bpr,0.03374071419239044
train,cf-bpr,0.04571402445435524
train,cf-bpr,0.02985210530459881
train,cf-bpr,0.052582889795303345
train,cf-bpr,0.039380285888910294
train,cf-bpr,0.025966592133045197
train,cf-bpr,0.03651171177625656
train,cf-bpr,0.025777019560337067
train,cf-bpr,0.028377894312143326
train,cf-bpr,0.03551985323429108
train,cf-bpr,0.029066625982522964
train,cf-bpr,0.05491665005683899
train,cf-bpr,0.043256811797618866
train,cf-bpr,0.0473087914288044
train,cf-bpr,0.05343661084771156
train,cf-bpr,0.04808041453361511
train,cf-bpr,0.039254602044820786
train,cf-bpr,0.045032478868961334
train,cf-bpr,0.026420192793011665
train,cf-bpr,0.040971264243125916
train,cf-bpr,0.04240741580724716
train,cf-bpr,0.043093834072351456
train,cf-bpr,0.0317787267267704
train,cf-bpr,0.03828791156411171
train,cf-bpr,0.03449157625436783
train,cf-bpr,0.0760059580206871
train,cf-bpr,0.03933367878198624
train,cf-bpr,0.039898164570331573
train,cf-bpr,0.04245543107390404
train,cf-bpr,0.03854551538825035
train,cf-bpr,0.04592124745249748
train,cf-bpr,0.039256371557712555
train,cf-bpr,0.036104291677474976
train,cf-bpr,0.03360487148165703
train,cf-bpr,0.02894556149840355
train,cf-bpr,0.021499091759324074
train,cf-bpr,0.03495480865240097
train,cf-bpr,0.035399384796619415
train,cf-bpr,0.047465793788433075
train,cf-bpr,0.035506751388311386
train,cf-bpr,0.04297104477882385
train,cf-bpr,0.04129525274038315
train,cf-bpr,0.04512208700180054
train,cf-bpr,0.06867010146379471
train,cf-bpr,0.03140955790877342
train,cf-bpr,0.044068239629268646
train,cf-bpr,0.029045183211565018
train,cf-bpr,0.03312048688530922
train,cf-bpr,0.04730486124753952
train,cf-bpr,0.032510314136743546
train,cf-bpr,0.029091760516166687
train,cf-bpr,0.034623730927705765
train,cf-bpr,0.0317518450319767
train,cf-bpr,0.03438673913478851
train,cf-bpr,0.05063363164663315
train,cf-bpr,0.036070410162210464
train,cf-bpr,0.06995008885860443
train,cf-bpr,0.03907320275902748
train,cf-bpr,0.03803910315036774
train,cf-bpr,0.05156095698475838
train,cf-bpr,0.03715609386563301
train,cf-bpr,0.03206763416528702
train,cf-bpr,0.05697173252701759
train,cf-bpr,0.024045133963227272
train,cf-bpr,0.043556295335292816
train,cf-bpr,0.028411120176315308
train,cf-bpr,0.04503502696752548
train,cf-bpr,0.028232429176568985
train,cf-bpr,0.03226447477936745
train,cf-bpr,0.03848191350698471
train,cf-bpr,0.038876764476299286
train,cf-bpr,0.0537039078772068
train,cf-bpr,0.03258466720581055
train,cf-bpr,0.027147304266691208
train,cf-bpr,0.0368272140622139
train,cf-bpr,0.03675062954425812
train,cf-bpr,0.032372284680604935
train,cf-bpr,0.03940357267856598
train,cf-bpr,0.08210141956806183
train,cf-bpr,0.04359583556652069
train,cf-bpr,0.03955838084220886
train,cf-bpr,0.03955165669322014
train,cf-bpr,0.031079640612006187
train,cf-bpr,0.054455652832984924
train,cf-bpr,0.04926857352256775
train,cf-bpr,0.036249831318855286
train,cf-bpr,0.034712035208940506
train,cf-bpr,0.043984752148389816
train,cf-bpr,0.03931984677910805
train,cf-bpr,0.030135486274957657
train,cf-bpr,0.04943588748574257
train,cf-bpr,0.028259998187422752
train,cf-bpr,0.04157263785600662
train,cf-bpr,0.02996533364057541
train,cf-bpr,0.03591660037636757
train,cf-bpr,0.045131418853998184
train,cf-bpr,0.03346802294254303
train,cf-bpr,0.04379640519618988
train,cf-bpr,0.03563110530376434
train,cf-bpr,0.027999913319945335
train,cf-bpr,0.0365922674536705
train,cf-bpr,0.032773636281490326
train,cf-bpr,0.03361477702856064
train,cf-bpr,0.03884289413690567
train,cf-bpr,0.0395236611366272
train,cf-bpr,0.028414195403456688
train,cf-bpr,0.03531771898269653
train,cf-bpr,0.031506169587373734
train,cf-bpr,0.03810892999172211
train,cf-bpr,0.030676761642098427
train,cf-bpr,0.03683732450008392
train,cf-bpr,0.024585679173469543
train,cf-bpr,0.031845949590206146
train,cf-bpr,0.030666252598166466
train,cf-bpr,0.027246564626693726
train,cf-bpr,0.041565123945474625
train,cf-bpr,0.033357247710227966
train,cf-bpr,0.059528496116399765
train,cf-bpr,0.032320860773324966
train,cf-bpr,0.03390699625015259
train,cf-bpr,0.038860902190208435
train,cf-bpr,0.029783273115754128
train,cf-bpr,0.03693939745426178
train,cf-bpr,0.03961421176791191
train,cf-bpr,0.028080977499485016
train,cf-bpr,0.029876017943024635
train,cf-bpr,0.03557482361793518
train,cf-bpr,0.06005491688847542
train,cf-bpr,0.039578989148139954
train,cf-bpr,0.03315257653594017
train,cf-bpr,0.04241075739264488
train,cf-bpr,0.03478722274303436
train,cf-bpr,0.03346554562449455
train,cf-bpr,0.02998565323650837
train,cf-bpr,0.026907773688435555
train,cf-bpr,0.030735963955521584
train,cf-bpr,0.03663035109639168
train,cf-bpr,0.04176797717809677
train,cf-bpr,0.03085613250732422
train,cf-bpr,0.03474291414022446
train,cf-bpr,0.0490969680249691
train,cf-bpr,0.03448353707790375
train,cf-bpr,0.040854670107364655
train,cf-bpr,0.0392632894217968
train,cf-bpr,0.031825754791498184
train,cf-bpr,0.04469366371631622
train,cf-bpr,0.03799181059002876
train,cf-bpr,0.025381673127412796
train,cf-bpr,0.04374256357550621
train,cf-bpr,0.03894815221428871
train,cf-bpr,0.0630079135298729
train,cf-bpr,0.04138185456395149
train,cf-bpr,0.032603804022073746
train,cf-bpr,0.03380338475108147
train,cf-bpr,0.03399333730340004
train,cf-bpr,0.03990689665079117
train,cf-bpr,0.032117243856191635
train,cf-bpr,0.04319671168923378
train,cf-bpr,0.039247699081897736
train,cf-bpr,0.030624834820628166
train,cf-bpr,0.03325709328055382
train,cf-bpr,0.03456925228238106
train,cf-bpr,0.03334755823016167
train,cf-bpr,0.03126511350274086
train,cf-bpr,0.04010891169309616
train,cf-bpr,0.0305235143750906
train,cf-bpr,0.04363168403506279
train,cf-bpr,0.029523562639951706
train,cf-bpr,0.03265513479709625
train,cf-bpr,0.02875608764588833
train,cf-bpr,0.03600313514471054
train,cf-bpr,0.04756132885813713
train,cf-bpr,0.04479660838842392
train,cf-bpr,0.044903714209795
train,cf-bpr,0.07174589484930038
train,cf-bpr,0.04125431552529335
train,cf-bpr,0.048101987689733505
train,cf-bpr,0.02839801274240017
train,cf-bpr,0.052040230482816696
train,cf-bpr,0.03708315268158913
train,cf-bpr,0.03398587927222252
train,cf-bpr,0.03620291128754616
train,cf-bpr,0.024318227544426918
train,cf-bpr,0.031065693125128746
train,cf-bpr,0.035350799560546875
train,cf-bpr,0.045301128178834915
train,cf-bpr,0.0362616591155529
train,cf-bpr,0.03353944793343544
train,cf-bpr,0.03633689135313034
train,cf-bpr,0.029028208926320076
train,cf-bpr,0.05641590431332588
train,cf-bpr,0.03400818258523941
train,cf-bpr,0.03315337002277374
train,cf-bpr,0.04183003306388855
train,cf-bpr,0.03461536765098572
train,cf-bpr,0.04481269419193268
train,cf-bpr,0.03457918390631676
train,cf-bpr,0.044595152139663696
train,cf-bpr,0.04883144795894623
train,cf-bpr,0.03727364167571068
train,cf-bpr,0.03727076202630997
train,cf-bpr,0.03619873523712158
train,cf-bpr,0.03063959628343582
train,cf-bpr,0.03825420141220093
train,cf-bpr,0.036884814500808716
train,cf-bpr,0.0342462919652462
train,cf-bpr,0.04032006859779358
train,cf-bpr,0.04475262761116028
train,cf-bpr,0.03441942483186722
train,cf-bpr,0.043366413563489914
train,cf-bpr,0.02949291653931141
train,cf-bpr,0.029364341869950294
train,cf-bpr,0.04071421921253204
train,cf-bpr,0.035857491195201874
train,cf-bpr,0.04821184277534485
train,cf-bpr,0.026677193120121956
train,cf-bpr,0.04023963585495949
train,cf-bpr,0.04311148449778557
train,cf-bpr,0.033941060304641724
train,cf-bpr,0.037585124373435974
train,cf-bpr,0.03815751522779465
train,cf-bpr,0.03090459108352661
train,cf-bpr,0.03648051619529724
train,cf-bpr,0.030215324833989143
train,cf-bpr,0.026820437982678413
train,cf-bpr,0.035322003066539764
train,cf-bpr,0.026358038187026978
train,cf-bpr,0.055756982415914536
train,cf-bpr,0.04735485836863518
train,cf-bpr,0.048695504665374756
train,cf-bpr,0.07082285732030869
train,cf-bpr,0.033473167568445206
train,cf-bpr,0.04349619522690773
train,cf-bpr,0.06522072106599808
train,cf-bpr,0.033834703266620636
train,cf-bpr,0.033214595168828964
train,cf-bpr,0.0463421605527401
train,cf-bpr,0.044954732060432434
train,cf-bpr,0.032486606389284134
train,cf-bpr,0.03421647101640701
train,cf-bpr,0.030263537541031837
train,cf-bpr,0.03454282134771347
train,cf-bpr,0.03854045271873474
train,cf-bpr,0.037139102816581726
train,cf-bpr,0.0358504094183445
train,cf-bpr,0.04870162904262543
train,cf-bpr,0.03323373198509216
train,cf-bpr,0.03454437479376793
train,cf-bpr,0.04868679493665695
train,cf-bpr,0.04825029522180557
train,cf-bpr,0.029565587639808655
train,cf-bpr,0.035258714109659195
train,cf-bpr,0.05118849128484726
train,cf-bpr,0.031098689883947372
train,cf-bpr,0.030183089897036552
train,cf-bpr,0.041051819920539856
train,cf-bpr,0.03670591115951538
train,cf-bpr,0.03129452466964722
train,cf-bpr,0.041914939880371094
train,cf-bpr,0.04168343171477318
train,cf-bpr,0.036783624440431595
train,cf-bpr,0.02624596655368805
train,cf-bpr,0.045022737234830856
train,cf-bpr,0.1540098488330841
train,cf-bpr,0.030125807970762253
train,cf-bpr,0.04187128320336342
train,cf-bpr,0.030658578500151634
train,cf-bpr,0.03131715953350067
train,cf-bpr,0.04134276881814003
train,cf-bpr,0.0399748831987381
train,cf-bpr,0.03722701221704483
train,cf-bpr,0.03241821750998497
train,cf-bpr,0.02648741379380226
train,cf-bpr,0.02989168092608452
train,cf-bpr,0.045903027057647705
train,cf-bpr,0.030913645401597023
train,cf-bpr,0.07527192682027817
train,cf-bpr,0.028040161356329918
train,cf-bpr,0.030985340476036072
train,cf-bpr,0.028251010924577713
train,cf-bpr,0.03445669263601303
train,cf-bpr,0.05189143493771553
train,cf-bpr,0.052312251180410385
train,cf-bpr,0.027772443369030952
train,cf-bpr,0.0341920480132103
train,cf-bpr,0.0436001680791378
train,cf-bpr,0.059296078979969025
train,cf-bpr,0.03092816472053528
train,cf-bpr,0.03136501833796501
train,cf-bpr,0.03409608453512192
train,cf-bpr,0.028924167156219482
train,cf-bpr,0.03317006304860115
train,cf-bpr,0.04433019831776619
train,cf-bpr,0.03633349761366844
train,cf-bpr,0.032292440533638
train,cf-bpr,0.0378454253077507
train,cf-bpr,0.046043314039707184
train,cf-bpr,0.05191302299499512
train,cf-bpr,0.03803121671080589
train,cf-bpr,0.035795923322439194
train,cf-bpr,0.03611195087432861
train,cf-bpr,0.047915980219841
train,cf-bpr,0.07879409939050674
train,cf-bpr,0.031169580295681953
train,cf-bpr,0.06699658185243607
train,cf-bpr,0.0426378957927227
train,cf-bpr,0.029715297743678093
train,cf-bpr,0.07214111089706421
train,cf-bpr,0.030963929370045662
train,cf-bpr,0.04212341457605362
train,cf-bpr,0.04944950342178345
train,cf-bpr,0.03383245691657066
train,cf-bpr,0.032041508704423904
train,cf-bpr,0.07676740735769272
train,cf-bpr,0.02966861054301262
train,cf-bpr,0.03232497721910477
train,cf-bpr,0.04021258279681206
train,cf-bpr,0.03283991292119026
train,cf-bpr,0.037974342703819275
train,cf-bpr,0.027513300999999046
train,cf-bpr,0.049320727586746216
train,cf-bpr,0.04876828193664551
train,cf-bpr,0.034056518226861954
train,cf-bpr,0.030542628839612007
train,cf-bpr,0.025483042001724243
train,cf-bpr,0.04382505267858505
train,cf-bpr,0.03806774690747261
train,cf-bpr,0.036598432809114456
train,cf-bpr,0.0333557203412056
train,cf-bpr,0.0317201167345047
train,cf-bpr,0.027639679610729218
train,cf-bpr,0.0348881259560585
train,cf-bpr,0.05349690094590187
train,cf-bpr,0.033872585743665695
train,cf-bpr,0.04322713240981102
train,cf-bpr,0.028108028694987297
train,cf-bpr,0.02878296561539173
train,cf-bpr,0.03622501343488693
train,cf-bpr,0.03649311140179634
train,cf-bpr,0.04264407977461815
train,cf-bpr,0.03873254731297493
train,cf-bpr,0.04802071675658226
train,cf-bpr,0.03773738816380501
train,cf-bpr,0.031520530581474304
train,cf-bpr,0.04233940690755844
train,cf-bpr,0.025509295985102654
train,cf-bpr,0.08465355634689331
train,cf-bpr,0.03936479613184929
train,cf-bpr,0.02939855121076107
train,cf-bpr,0.036558862775564194
train,cf-bpr,0.040720194578170776
train,cf-bpr,0.033921390771865845
train,cf-bpr,0.03357332572340965
train,cf-bpr,0.03839777782559395
train,cf-bpr,0.048483312129974365
train,cf-bpr,0.04943745955824852
train,cf-bpr,0.05316862463951111
train,cf-bpr,0.03929032012820244
train,cf-bpr,0.07367134094238281
train,cf-bpr,0.036228589713573456
train,cf-bpr,0.04236820340156555
train,cf-bpr,0.03972179442644119
train,cf-bpr,0.04347631707787514
train,cf-bpr,0.03938464820384979
train,cf-bpr,0.034446265548467636
train,cf-bpr,0.04711127281188965
train,cf-bpr,0.03339698165655136
train,cf-bpr,0.06594425439834595
train,cf-bpr,0.04173086956143379
train,cf-bpr,0.04112641140818596
train,cf-bpr,0.04968932271003723
train,cf-bpr,0.03780091553926468
train,cf-bpr,0.04658099636435509
train,cf-bpr,0.05377495661377907
train,cf-bpr,0.030696231871843338
train,cf-bpr,0.06618211418390274
train,cf-bpr,0.04029139503836632
train,cf-bpr,0.03829425573348999
train,cf-bpr,0.029448654502630234
train,cf-bpr,0.02841363474726677
train,cf-bpr,0.047187674790620804
train,cf-bpr,0.03610559180378914
train,cf-bpr,0.02964060939848423
train,cf-bpr,0.03406843915581703
train,cf-bpr,0.028361821547150612
train,cf-bpr,0.03787938505411148
train,cf-bpr,0.04262986406683922
train,cf-bpr,0.03818770498037338
train,cf-bpr,0.03350069746375084
train,cf-bpr,0.04240037873387337
train,cf-bpr,0.037992510944604874
train,cf-bpr,0.03875492885708809
train,cf-bpr,0.028551964089274406
train,cf-bpr,0.03016790561378002
train,cf-bpr,0.05824592337012291
train,cf-bpr,0.027983013540506363
train,cf-bpr,0.038080282509326935
train,cf-bpr,0.029627589508891106
train,cf-bpr,0.03440854325890541
train,cf-bpr,0.032331302762031555
train,cf-bpr,0.03896709904074669
train,cf-bpr,0.04962139576673508
train,cf-bpr,0.03335411474108696
train,cf-bpr,0.03298487886786461
train,cf-bpr,0.03164856880903244
train,cf-bpr,0.04581797495484352
train,cf-bpr,0.04070448875427246
train,cf-bpr,0.0342966727912426
train,cf-bpr,0.033983271569013596
train,cf-bpr,0.0398385226726532
train,cf-bpr,0.03709251433610916
train,cf-bpr,0.04597167298197746
train,cf-bpr,0.03192714974284172
train,cf-bpr,0.05855712294578552
train,cf-bpr,0.038816627115011215
train,cf-bpr,0.04043539986014366
train,cf-bpr,0.046681199222803116
train,cf-bpr,0.03537312150001526
train,cf-bpr,0.051677972078323364
train,cf-bpr,0.031046370044350624
train,cf-bpr,0.045485660433769226
train,cf-bpr,0.033489879220724106
train,cf-bpr,0.0637289360165596
train,cf-bpr,0.03418046981096268
train,cf-bpr,0.027599310502409935
train,cf-bpr,0.03339197859168053
train,cf-bpr,0.035299159586429596
train,cf-bpr,0.03319448232650757
train,cf-bpr,0.04107227176427841
train,cf-bpr,0.04001308232545853
train,cf-bpr,0.04120104759931564
train,cf-bpr,0.03205297887325287
train,cf-bpr,0.041293635964393616
train,cf-bpr,0.03225912153720856
train,cf-bpr,0.03585489094257355
train,cf-bpr,0.04985575005412102
train,cf-bpr,0.04058404639363289
train,cf-bpr,0.026484593749046326
train,cf-bpr,0.049632325768470764
train,cf-bpr,0.045371267944574356
train,cf-bpr,0.032426074147224426
train,cf-bpr,0.03861508145928383
train,cf-bpr,0.07099101692438126
train,cf-bpr,0.04326830431818962
train,cf-bpr,0.039931997656822205
train,cf-bpr,0.031420208513736725
train,cf-bpr,0.034215208142995834
train,cf-bpr,0.04614010080695152
train,cf-bpr,0.07855097949504852
train,cf-bpr,0.03061569854617119
train,cf-bpr,0.026604479178786278
train,cf-bpr,0.030661802738904953
train,cf-bpr,0.03516765683889389
train,cf-bpr,0.035266727209091187
train,cf-bpr,0.0601654052734375
train,cf-bpr,0.03447326272726059
train,cf-bpr,0.03238321840763092
train,cf-bpr,0.029318399727344513
train,cf-bpr,0.037656303495168686
train,cf-bpr,0.04387928918004036
train,cf-bpr,0.02532188408076763
train,cf-bpr,0.04554309323430061
train,cf-bpr,0.035208750516176224
train,cf-bpr,0.043310534209012985
train,cf-bpr,0.04348940774798393
train,cf-bpr,0.03045525960624218
train,cf-bpr,0.03514426574110985
train,cf-bpr,0.031278520822525024
train,cf-bpr,0.049813102930784225
train,cf-bpr,0.04261055961251259
train,cf-bpr,0.03141365200281143
train,cf-bpr,0.033784519881010056
train,cf-bpr,0.029137305915355682
train,cf-bpr,0.03322603553533554
train,cf-bpr,0.033962901681661606
train,cf-bpr,0.04721587523818016
train,cf-bpr,0.03636912256479263
train,cf-bpr,0.051810815930366516
train,cf-bpr,0.04411834850907326
train,cf-bpr,0.034906454384326935
train,cf-bpr,0.03390122577548027
train,cf-bpr,0.0443350188434124
train,cf-bpr,0.028932366520166397
train,cf-bpr,0.04427853971719742
train,cf-bpr,0.05232006311416626
train,cf-bpr,0.025387395173311234
train,cf-bpr,0.02657788246870041
train,cf-bpr,0.044776711612939835
train,cf-bpr,0.03254818543791771
train,cf-bpr,0.029206255450844765
train,cf-bpr,0.0459228977560997
train,cf-bpr,0.04421905428171158
train,cf-bpr,0.04598730802536011
train,cf-bpr,0.03664594143629074
train,cf-bpr,0.02714439108967781
train,cf-bpr,0.036011673510074615
train,cf-bpr,0.023053381592035294
train,cf-bpr,0.03435590863227844
train,cf-bpr,0.028717467561364174
train,cf-bpr,0.036258477717638016
train,cf-bpr,0.036380648612976074
train,cf-bpr,0.030652791261672974
train,cf-bpr,0.05822997912764549
train,cf-bpr,0.04269702732563019
train,cf-bpr,0.040320172905921936
train,cf-bpr,0.07569549232721329
train,cf-bpr,0.03663700073957443
train,cf-bpr,0.04005416855216026
train,cf-bpr,0.03642895445227623
train,cf-bpr,0.037537943571805954
train,cf-bpr,0.12711918354034424
train,cf-bpr,0.037720393389463425
train,cf-bpr,0.04961930587887764
train,cf-bpr,0.03757285326719284
train,cf-bpr,0.03164557367563248
train,cf-bpr,0.037928126752376556
train,cf-bpr,0.040699977427721024
train,cf-bpr,0.03869118168950081
train,cf-bpr,0.029196610674262047
train,cf-bpr,0.03856073319911957
train,cf-bpr,0.030564943328499794
train,cf-bpr,0.053926076740026474
train,cf-bpr,0.02269272319972515
train,cf-bpr,0.03771904483437538
train,cf-bpr,0.029178623110055923
train,cf-bpr,0.04442925006151199
train,cf-bpr,0.02586532197892666
train,cf-bpr,0.03100181370973587
train,cf-bpr,0.03206506371498108
train,cf-bpr,0.041093602776527405
train,cf-bpr,0.03553662449121475
train,cf-bpr,0.06731832027435303
train,cf-bpr,0.06570260226726532
train,cf-bpr,0.04093431681394577
train,cf-bpr,0.03865762799978256
train,cf-bpr,0.052238475531339645
train,cf-bpr,0.04238615930080414
train,cf-bpr,0.028709303587675095
train,cf-bpr,0.05931808426976204
train,cf-bpr,0.04037705063819885
train,cf-bpr,0.03785193711519241
train,cf-bpr,0.038476236164569855
train,cf-bpr,0.046346887946128845
train,cf-bpr,0.04886098578572273
train,cf-bpr,0.04395051673054695
train,cf-bpr,0.03238796815276146
train,cf-bpr,0.028066836297512054
train,cf-bpr,0.03985317051410675
train,cf-bpr,0.0321335569024086
train,cf-bpr,0.0342184416949749
train,cf-bpr,0.11079734563827515
train,cf-bpr,0.036910682916641235
train,cf-bpr,0.03404086083173752
train,cf-bpr,0.04759318381547928
train,cf-bpr,0.032738327980041504
train,cf-bpr,0.0331403948366642
train,cf-bpr,0.04354153200984001
train,cf-bpr,0.03114686906337738
train,cf-bpr,0.04965376481413841
train,cf-bpr,0.04334079474210739
train,cf-bpr,0.036172181367874146
train,cf-bpr,0.03245433792471886
train,cf-bpr,0.028433427214622498
train,cf-bpr,0.0370672307908535
train,cf-bpr,0.03888782858848572
train,cf-bpr,0.039178986102342606
train,cf-bpr,0.05152212455868721
train,cf-bpr,0.027612756937742233
train,cf-bpr,0.032981909811496735
train,cf-bpr,0.03684217482805252
train,cf-bpr,0.04072776436805725
train,cf-bpr,0.08375134319067001
train,cf-bpr,0.05620710179209709
train,cf-bpr,0.02837482839822769
train,cf-bpr,0.025894736871123314
train,cf-bpr,0.03191157057881355
train,cf-bpr,0.03618639335036278
train,cf-bpr,0.04285983368754387
train,cf-bpr,0.10109841078519821
train,cf-bpr,0.03445566073060036
train,cf-bpr,0.025250019505620003
train,cf-bpr,0.029908129945397377
train,cf-bpr,0.034159764647483826
train,cf-bpr,0.1066383421421051
train,cf-bpr,0.03555777296423912
train,cf-bpr,0.04783668741583824
train,cf-bpr,0.062086932361125946
train,cf-bpr,0.0300445519387722
train,cf-bpr,0.05147726088762283
train,cf-bpr,0.03997217118740082
train,cf-bpr,0.037336766719818115
train,cf-bpr,0.029436366632580757
train,cf-bpr,0.040348269045352936
train,cf-bpr,0.03913438692688942
train,cf-bpr,0.05481138080358505
train,cf-bpr,0.03436684608459473
train,cf-bpr,0.03499465435743332
train,cf-bpr,0.04541754350066185
train,cf-bpr,0.029480287805199623
train,cf-bpr,0.030394192785024643
train,cf-bpr,0.0288392286747694
train,cf-bpr,0.02924165315926075
train,cf-bpr,0.035705436021089554
train,cf-bpr,0.03533930703997612
train,cf-bpr,0.028247494250535965
train,cf-bpr,0.03344162181019783
train,cf-bpr,0.04748084023594856
train,cf-bpr,0.03366687148809433
train,cf-bpr,0.04041304439306259
train,cf-bpr,0.034701667726039886
train,cf-bpr,0.03657197952270508
train,cf-bpr,0.030466804280877113
train,cf-bpr,0.035218678414821625
train,cf-bpr,0.02476031519472599
train,cf-bpr,0.02821260131895542
train,cf-bpr,0.03695403411984444
train,cf-bpr,0.028295522555708885
train,cf-bpr,0.040698807686567307
train,cf-bpr,0.034376442432403564
train,cf-bpr,0.08917579054832458
train,cf-bpr,0.049733731895685196
train,cf-bpr,0.03370649740099907
train,cf-bpr,0.03011522814631462
train,cf-bpr,0.043714575469493866
train,cf-bpr,0.036532845348119736
train,cf-bpr,0.028516609221696854
train,cf-bpr,0.029708189889788628
train,cf-bpr,0.036492399871349335
train,cf-bpr,0.03557679429650307
train,cf-bpr,0.03337642550468445
train,cf-bpr,0.029275158420205116
train,cf-bpr,0.07658733427524567
train,cf-bpr,0.031392790377140045
train,cf-bpr,0.035014308989048004
train,cf-bpr,0.07761169970035553
train,cf-bpr,0.047161903232336044
train,cf-bpr,0.04223944619297981
train,cf-bpr,0.03967545926570892
train,cf-bpr,0.04236862063407898
train,cf-bpr,0.03431054949760437
train,cf-bpr,0.041790496557950974
train,cf-bpr,0.03660082444548607
train,cf-bpr,0.04036291316151619
train,cf-bpr,0.035490866750478745
train,cf-bpr,0.050971969962120056
train,cf-bpr,0.034176990389823914
train,cf-bpr,0.03702288866043091
train,cf-bpr,0.05346342921257019
train,cf-bpr,0.047308143228292465
train,cf-bpr,0.029801370576024055
train,cf-bpr,0.040650103241205215
train,cf-bpr,0.04889210686087608
train,cf-bpr,0.04320057854056358
train,cf-bpr,0.03615419194102287
train,cf-bpr,0.0416182242333889
train,cf-bpr,0.03925390914082527
train,cf-bpr,0.043315544724464417
train,cf-bpr,0.040117841213941574
train,cf-bpr,0.02994907647371292
train,cf-bpr,0.038087621331214905
train,cf-bpr,0.04118898883461952
train,cf-bpr,0.03545538708567619
train,cf-bpr,0.034555722028017044
train,cf-bpr,0.04121295362710953
train,cf-bpr,0.039957813918590546
train,cf-bpr,0.03254104033112526
train,cf-bpr,0.03618593513965607
train,cf-bpr,0.0389198437333107
train,cf-bpr,0.06270391494035721
train,cf-bpr,0.034570831805467606
train,cf-bpr,0.04422697424888611
train,cf-bpr,0.03316647931933403
train,cf-bpr,0.056787893176078796
train,cf-bpr,0.028858855366706848
train,cf-bpr,0.027067294344305992
train,cf-bpr,0.04496658965945244
train,cf-bpr,0.03959297388792038
train,cf-bpr,0.03808295726776123
train,cf-bpr,0.03524918481707573
train,cf-bpr,0.03502625599503517
train,cf-bpr,0.03488597273826599
train,cf-bpr,0.03218811750411987
train,cf-bpr,0.035034339874982834
train,cf-bpr,0.04741089791059494
train,cf-bpr,0.03635375574231148
train,cf-bpr,0.05214058235287666
train,cf-bpr,0.03565775230526924
train,cf-bpr,0.04442601278424263
train,cf-bpr,0.03312643989920616
train,cf-bpr,0.029747270047664642
train,cf-bpr,0.043371811509132385
train,cf-bpr,0.027417566627264023
train,cf-bpr,0.03632638230919838
train,cf-bpr,0.027095772325992584
train,cf-bpr,0.04934517294168472
train,cf-bpr,0.03374224528670311
train,cf-bpr,0.047356050461530685
train,cf-bpr,0.041725024580955505
train,cf-bpr,0.08720950037240982
train,cf-bpr,0.03878676891326904
train,cf-bpr,0.03631403297185898
train,cf-bpr,0.055678680539131165
train,cf-bpr,0.038406066596508026
train,cf-bpr,0.03150855377316475
train,cf-bpr,0.03761803358793259
train,cf-bpr,0.045761026442050934
train,cf-bpr,0.03099643439054489
train,cf-bpr,0.03991647809743881
train,cf-bpr,0.028550932183861732
train,cf-bpr,0.04158038645982742
train,cf-bpr,0.03570565581321716
train,cf-bpr,0.03259686380624771
train,cf-bpr,0.10277481377124786
train,cf-bpr,0.026698129251599312
train,cf-bpr,0.028794195502996445
train,cf-bpr,0.05786719545722008
train,cf-bpr,0.04529920220375061
train,cf-bpr,0.026368077844381332
train,cf-bpr,0.07012897729873657
train,cf-bpr,0.04722399637103081
train,cf-bpr,0.0523323230445385
train,cf-bpr,0.0554371178150177
train,cf-bpr,0.03689500316977501
train,cf-bpr,0.03930871561169624
train,cf-bpr,0.04322351515293121
train,cf-bpr,0.03902744874358177
train,cf-bpr,0.03231978043913841
train,cf-bpr,0.03866783529520035
train,cf-bpr,0.03686342388391495
train,cf-bpr,0.04816484451293945
train,cf-bpr,0.033901967108249664
train,cf-bpr,0.033267710357904434
train,cf-bpr,0.03708990290760994
train,cf-bpr,0.0352703221142292
train,cf-bpr,0.10169033706188202
train,cf-bpr,0.03491394966840744
train,cf-bpr,0.02509918436408043
train,cf-bpr,0.03756820037961006
train,cf-bpr,0.07122721523046494
train,cf-bpr,0.034492433071136475
train,cf-bpr,0.032472431659698486
train,cf-bpr,0.04663636535406113
train,cf-bpr,0.055897172540426254
train,cf-bpr,0.04442908987402916
train,cf-bpr,0.04288375377655029
train,cf-bpr,0.032319795340299606
train,cf-bpr,0.04339902848005295
train,cf-bpr,0.03486428037285805
train,cf-bpr,0.042135968804359436
train,cf-bpr,0.058344919234514236
train,cf-bpr,0.045081306248903275
train,cf-bpr,0.033541418612003326
train,cf-bpr,0.03652834892272949
train,cf-bpr,0.03804223984479904
train,cf-bpr,0.03132138028740883
train,cf-bpr,0.02705422043800354
train,cf-bpr,0.029536452144384384
train,cf-bpr,0.05292699858546257
train,cf-bpr,0.040719177573919296
train,cf-bpr,0.036722421646118164
train,cf-bpr,0.05282235145568848
train,cf-bpr,0.03497806191444397
train,cf-bpr,0.03104119375348091
train,cf-bpr,0.02612570859491825
train,cf-bpr,0.035624898970127106
train,cf-bpr,0.03638434410095215
train,cf-bpr,0.045045942068099976
train,cf-bpr,0.04612664505839348
train,cf-bpr,0.038492146879434586
train,cf-bpr,0.024372486397624016
train,cf-bpr,0.03309164196252823
train,cf-bpr,0.05039723962545395
train,cf-bpr,0.03273571655154228
train,cf-bpr,0.04067053273320198
train,cf-bpr,0.043292086571455
train,cf-bpr,0.04789711907505989
train,cf-bpr,0.02043721079826355
train,cf-bpr,0.03816886246204376
train,cf-bpr,0.03274751454591751
train,cf-bpr,0.05614481493830681
train,cf-bpr,0.02932281605899334
train,cf-bpr,0.045678600668907166
train,cf-bpr,0.05143965408205986
train,cf-bpr,0.030528437346220016
train,cf-bpr,0.061654627323150635
train,cf-bpr,0.028613556176424026
train,cf-bpr,0.049747731536626816
train,cf-bpr,0.037571314722299576
train,cf-bpr,0.037289779633283615
train,cf-bpr,0.04304983839392662
train,cf-bpr,0.04072761535644531
train,cf-bpr,0.03048880584537983
train,cf-bpr,0.03811105340719223
train,cf-bpr,0.0377022810280323
train,cf-bpr,0.052437447011470795
train,cf-bpr,0.06102588400244713
train,cf-bpr,0.03971542418003082
train,cf-bpr,0.04029342159628868
train,cf-bpr,0.042095594108104706
train,cf-bpr,0.04009217768907547
train,cf-bpr,0.07398466765880585
train,cf-bpr,0.025313980877399445
train,cf-bpr,0.036736853420734406
train,cf-bpr,0.029717985540628433
train,cf-bpr,0.03988364711403847
train,cf-bpr,0.10351886600255966
train,cf-bpr,0.036286476999521255
train,cf-bpr,0.044420335441827774
train,cf-bpr,0.052675385028123856
train,cf-bpr,0.03964401036500931
train,cf-bpr,0.03582175821065903
train,cf-bpr,0.04762045294046402
train,cf-bpr,0.05325805023312569
train,cf-bpr,0.03309996798634529
train,cf-bpr,0.03883843868970871
train,cf-bpr,0.057852547615766525
train,cf-bpr,0.03075001761317253
train,cf-bpr,0.040183909237384796
train,cf-bpr,0.034490831196308136
train,cf-bpr,0.034683242440223694
train,cf-bpr,0.03049064241349697
train,cf-bpr,0.0360904186964035
train,cf-bpr,0.03495457023382187
train,cf-bpr,0.02947189472615719
train,cf-bpr,0.038996048271656036
train,cf-bpr,0.03577152639627457
train,cf-bpr,0.032015807926654816
train,cf-bpr,0.03553279861807823
train,cf-bpr,0.04601765051484108
train,cf-bpr,0.0485847182571888
train,cf-bpr,0.035066157579422
train,cf-bpr,0.041520945727825165
train,cf-bpr,0.04427047818899155
train,cf-bpr,0.030128415673971176
train,cf-bpr,0.029293980449438095
train,cf-bpr,0.045351676642894745
train,cf-bpr,0.028289465233683586
train,cf-bpr,0.027675244957208633
train,cf-bpr,0.03205040842294693
train,cf-bpr,0.04166410490870476
train,cf-bpr,0.03996551036834717
train,cf-bpr,0.03503239527344704
train,cf-bpr,0.03392352536320686
train,cf-bpr,0.030351098626852036
train,cf-bpr,0.044052258133888245
train,cf-bpr,0.03311651200056076
train,cf-bpr,0.05901351943612099
train,cf-bpr,0.0466541163623333
train,cf-bpr,0.02336454764008522
train,cf-bpr,0.05015285685658455
train,cf-bpr,0.042205844074487686
train,cf-bpr,0.06017673388123512
train,cf-bpr,0.03597145155072212
train,cf-bpr,0.05599096044898033
train,cf-bpr,0.038799114525318146
train,cf-bpr,0.0323307067155838
train,cf-bpr,0.03542979434132576
train,cf-bpr,0.030390940606594086
train,cf-bpr,0.032024234533309937
train,cf-bpr,0.04127519205212593
train,cf-bpr,0.05172111839056015
train,cf-bpr,0.0338851734995842
train,cf-bpr,0.030039673671126366
train,cf-bpr,0.03714925795793533
train,cf-bpr,0.028180325403809547
train,cf-bpr,0.03591236472129822
train,cf-bpr,0.04353438317775726
train,cf-bpr,0.030201349407434464
train,cf-bpr,0.03438395634293556
train,cf-bpr,0.0548931248486042
train,cf-bpr,0.03476961329579353
train,cf-bpr,0.03947412595152855
train,cf-bpr,0.029550913721323013
train,cf-bpr,0.03083266317844391
train,cf-bpr,0.027783865109086037
train,cf-bpr,0.04004726558923721
train,cf-bpr,0.038775939494371414
train,cf-bpr,0.02856467105448246
train,cf-bpr,0.0530589297413826
train,cf-bpr,0.06471288949251175
train,cf-bpr,0.03998951241374016
train,cf-bpr,0.042773619294166565
train,cf-bpr,0.047007109969854355
train,cf-bpr,0.031242216005921364
train,cf-bpr,0.03141320124268532
train,cf-bpr,0.03242960944771767
train,cf-bpr,0.030314477160573006
train,cf-bpr,0.04146870598196983
train,cf-bpr,0.030329596251249313
train,cf-bpr,0.03208833932876587
train,cf-bpr,0.03278616815805435
train,cf-bpr,0.032432958483695984
train,cf-bpr,0.029082171618938446
train,cf-bpr,0.06551845371723175
train,cf-bpr,0.033343467861413956
train,cf-bpr,0.03049006685614586
train,cf-bpr,0.03087667003273964
train,cf-bpr,0.03021170012652874
train,cf-bpr,0.04158952087163925
train,cf-bpr,0.03340340778231621
train,cf-bpr,0.035003457218408585
train,cf-bpr,0.04198163375258446
train,cf-bpr,0.047953374683856964
train,cf-bpr,0.04147668182849884
train,cf-bpr,0.04252515733242035
train,cf-bpr,0.03398062661290169
train,cf-bpr,0.034035421907901764
train,cf-bpr,0.032817162573337555
train,cf-bpr,0.04627807438373566
train,cf-bpr,0.031249506399035454
train,cf-bpr,0.04724496975541115
train,cf-bpr,0.03212340176105499
train,cf-bpr,0.037058670073747635
train,cf-bpr,0.036578964442014694
train,cf-bpr,0.034591030329465866
train,cf-bpr,0.044746123254299164
train,cf-bpr,0.0314202643930912
train,cf-bpr,0.03017234057188034
train,cf-bpr,0.05529584735631943
train,cf-bpr,0.04362400621175766
train,cf-bpr,0.0341934934258461
train,cf-bpr,0.04166056588292122
train,cf-bpr,0.039040952920913696
train,cf-bpr,0.03568894416093826
train,cf-bpr,0.05656631663441658
train,cf-bpr,0.027685606852173805
train,cf-bpr,0.036483608186244965
train,cf-bpr,0.030477628111839294
train,cf-bpr,0.03047085739672184
train,cf-bpr,0.03453613817691803
train,cf-bpr,0.04826831445097923
train,cf-bpr,0.050931259989738464
train,cf-bpr,0.027307629585266113
train,cf-bpr,0.0362861193716526
train,cf-bpr,0.0416700579226017
train,cf-bpr,0.03072710707783699
train,cf-bpr,0.03367757424712181
train,cf-bpr,0.03770441189408302
train,cf-bpr,0.04125009477138519
train,cf-bpr,0.039055440574884415
train,cf-bpr,0.030043095350265503
train,cf-bpr,0.0405648872256279
train,cf-bpr,0.029055967926979065
train,cf-bpr,0.028765005990862846
train,cf-bpr,0.052352696657180786
train,cf-bpr,0.0347551591694355
train,cf-bpr,0.05270787701010704
train,cf-bpr,0.035581763833761215
train,cf-bpr,0.04727631434798241
train,cf-bpr,0.04082082211971283
train,cf-bpr,0.032272420823574066
train,cf-bpr,0.037683483213186264
train,cf-bpr,0.029732737690210342
train,cf-bpr,0.03852043300867081
train,cf-bpr,0.0348021425306797
train,cf-bpr,0.03763050213456154
train,cf-bpr,0.030186859890818596
train,cf-bpr,0.05201214551925659
train,cf-bpr,0.04378610849380493
train,cf-bpr,0.02806803770363331
train,cf-bpr,0.0316835381090641
train,cf-bpr,0.04257429763674736
train,cf-bpr,0.04952015355229378
train,cf-bpr,0.0520380400121212
train,cf-bpr,0.030329646542668343
train,cf-bpr,0.03202234208583832
train,cf-bpr,0.02900535613298416
train,cf-bpr,0.03438524156808853
train,cf-bpr,0.05450199916958809
train,cf-bpr,0.03250942751765251
train,cf-bpr,0.04596012458205223
train,cf-bpr,0.043805934488773346
train,cf-bpr,0.05281040817499161
train,cf-bpr,0.041356418281793594
train,cf-bpr,0.031062699854373932
train,cf-bpr,0.04641614109277725
train,cf-bpr,0.05407415330410004
train,cf-bpr,0.030571717768907547
train,cf-bpr,0.042695868760347366
train,cf-bpr,0.032525911927223206
train,cf-bpr,0.04379098862409592
train,cf-bpr,0.032276879996061325
train,cf-bpr,0.05130152776837349
train,cf-bpr,0.041026435792446136
train,cf-bpr,0.04580438509583473
train,cf-bpr,0.04956274479627609
train,cf-bpr,0.03210680931806564
train,cf-bpr,0.0316646434366703
train,cf-bpr,0.03182405233383179
train,cf-bpr,0.039920873939991
train,cf-bpr,0.03372595086693764
train,cf-bpr,0.08568330854177475
train,cf-bpr,0.052299052476882935
train,cf-bpr,0.038222286850214005
train,cf-bpr,0.04629619047045708
train,cf-bpr,0.03516039624810219
train,cf-bpr,0.03683021664619446
train,cf-bpr,0.027220558375120163
train,cf-bpr,0.033266957849264145
train,cf-bpr,0.02960505522787571
train,cf-bpr,0.03099553845822811
train,cf-bpr,0.030347933992743492
train,cf-bpr,0.04344819486141205
train,cf-bpr,0.039313092827796936
train,cf-bpr,0.05538080260157585
train,cf-bpr,0.036615271121263504
train,cf-bpr,0.04709511995315552
train,cf-bpr,0.027274150401353836
train,cf-bpr,0.07006420195102692
train,cf-bpr,0.04981820657849312
train,cf-bpr,0.025484608486294746
train,cf-bpr,0.06707311421632767
train,cf-bpr,0.03655136376619339
train,cf-bpr,0.03887547180056572
train,cf-bpr,0.04281364381313324
train,cf-bpr,0.043941665440797806
train,cf-bpr,0.03958553820848465
train,cf-bpr,0.030823877081274986
train,cf-bpr,0.03516291081905365
train,cf-bpr,0.03490467742085457
train,cf-bpr,0.031629808247089386
train,cf-bpr,0.03441785275936127
train,cf-bpr,0.0381896086037159
train,cf-bpr,0.056152477860450745
train,cf-bpr,0.07115687429904938
train,cf-bpr,0.04391368106007576
train,cf-bpr,0.029342038556933403
train,cf-bpr,0.056504081934690475
train,cf-bpr,0.030524704605340958
train,cf-bpr,0.04025855287909508
train,cf-bpr,0.03467822074890137
train,cf-bpr,0.03852574899792671
train,cf-bpr,0.03896421194076538
train,cf-bpr,0.03924544155597687
train,cf-bpr,0.051172878593206406
train,cf-bpr,0.03495750203728676
train,cf-bpr,0.048891160637140274
train,cf-bpr,0.041032761335372925
train,cf-bpr,0.0397561751306057
train,cf-bpr,0.030476393178105354
train,cf-bpr,0.03804149851202965
train,cf-bpr,0.037558358162641525
train,cf-bpr,0.028878524899482727
train,cf-bpr,0.04876035079360008
train,cf-bpr,0.061927322298288345
train,cf-bpr,0.05332804098725319
train,cf-bpr,0.043928273022174835
train,cf-bpr,0.0337684340775013
train,cf-bpr,0.032452188432216644
train,cf-bpr,0.03985419124364853
train,cf-bpr,0.04177519306540489
train,cf-bpr,0.03394128009676933
train,cf-bpr,0.04197480157017708
train,cf-bpr,0.038098279386758804
train,cf-bpr,0.03769896179437637
train,cf-bpr,0.038961011916399
train,cf-bpr,0.030719339847564697
train,cf-bpr,0.03862099349498749
train,cf-bpr,0.04696616530418396
train,cf-bpr,0.03716176003217697
train,cf-bpr,0.040488190948963165
train,cf-bpr,0.043662942945957184
train,cf-bpr,0.027502089738845825
train,cf-bpr,0.05628858879208565
train,cf-bpr,0.03345455601811409
train,cf-bpr,0.044635236263275146
train,cf-bpr,0.04062210023403168
train,cf-bpr,0.04367125406861305
train,cf-bpr,0.03622933477163315
train,cf-bpr,0.04206236079335213
train,cf-bpr,0.035755690187215805
train,cf-bpr,0.03522312268614769
train,cf-bpr,0.03402256593108177
train,cf-bpr,0.031703125685453415
train,cf-bpr,0.04405374079942703
train,cf-bpr,0.03721201419830322
train,cf-bpr,0.0639471709728241
train,cf-bpr,0.029713258147239685
train,cf-bpr,0.02801807038486004
train,cf-bpr,0.03905116021633148
train,cf-bpr,0.05689721554517746
train,cf-bpr,0.034017570316791534
train,cf-bpr,0.033521056175231934
train,cf-bpr,0.035677943378686905
train,cf-bpr,0.05201542004942894
train,cf-bpr,0.04004427418112755
train,cf-bpr,0.03630189225077629
train,cf-bpr,0.03656318038702011
train,cf-bpr,0.07331933826208115
train,cf-bpr,0.031200718134641647
train,cf-bpr,0.03315681219100952
train,cf-bpr,0.05397861450910568
train,cf-bpr,0.09265781939029694
train,cf-bpr,0.03734676539897919
train,cf-bpr,0.03130214661359787
train,cf-bpr,0.05416593700647354
train,cf-bpr,0.04446705803275108
train,cf-bpr,0.03128516674041748
train,cf-bpr,0.02852313034236431
train,cf-bpr,0.039609454572200775
train,cf-bpr,0.032840292900800705
train,cf-bpr,0.0670265331864357
train,cf-bpr,0.034328971058130264
train,cf-bpr,0.026628069579601288
train,cf-bpr,0.042807720601558685
train,cf-bpr,0.03927228972315788
train,cf-bpr,0.040987495332956314
train,cf-bpr,0.030832836404442787
train,cf-bpr,0.04710256680846214
train,cf-bpr,0.042489130049943924
train,cf-bpr,0.032337937504053116
train,cf-bpr,0.04187294840812683
train,cf-bpr,0.08192317932844162
train,cf-bpr,0.03833749517798424
train,cf-bpr,0.03987887129187584
train,cf-bpr,0.05379924923181534
train,cf-bpr,0.03918766602873802
train,cf-bpr,0.033665888011455536
train,cf-bpr,0.03482593223452568
train,cf-bpr,0.03706181421875954
train,cf-bpr,0.035308852791786194
train,cf-bpr,0.03891585022211075
train,cf-bpr,0.04445433244109154
train,cf-bpr,0.04157200828194618
train,cf-bpr,0.0351669043302536
train,cf-bpr,0.034214723855257034
train,cf-bpr,0.04006766900420189
train,cf-bpr,0.02675965242087841
train,cf-bpr,0.031174475327134132
train,cf-bpr,0.057669974863529205
train,cf-bpr,0.049515288323163986
train,cf-bpr,0.031097162514925003
train,cf-bpr,0.040987785905599594
train,cf-bpr,0.05946054682135582
train,cf-bpr,0.03434407338500023
train,cf-bpr,0.03491130471229553
train,cf-bpr,0.0449497327208519
train,cf-bpr,0.04493750259280205
train,cf-bpr,0.022167833521962166
train,cf-bpr,0.043360013514757156
train,cf-bpr,0.031040191650390625
train,cf-bpr,0.03441012650728226
train,cf-bpr,0.032936085015535355
train,cf-bpr,0.03358428552746773
train,cf-bpr,0.04097341373562813
train,cf-bpr,0.03729676455259323
train,cf-bpr,0.036468278616666794
train,cf-bpr,0.0477910041809082
train,cf-bpr,0.07490532845258713
train,cf-bpr,0.034361567348241806
train,cf-bpr,0.034177105873823166
train,cf-bpr,0.032871901988983154
train,cf-bpr,0.036519840359687805
train,cf-bpr,0.028824208304286003
train,cf-bpr,0.17816342413425446
train,cf-bpr,0.044476550072431564
train,cf-bpr,0.02842043898999691
train,cf-bpr,0.044514406472444534
train,cf-bpr,0.031121814623475075
train,cf-bpr,0.04437205567955971
train,cf-bpr,0.05746203660964966
train,cf-bpr,0.026849888265132904
train,cf-bpr,0.027453595772385597
train,cf-bpr,0.03558329865336418
train,cf-bpr,0.039400454610586166
train,cf-bpr,0.030009251087903976
train,cf-bpr,0.03888752683997154
train,cf-bpr,0.03810352459549904
train,cf-bpr,0.035836461931467056
train,cf-bpr,0.04300510510802269
train,cf-bpr,0.03464912623167038
train,cf-bpr,0.03503730893135071
train,cf-bpr,0.03890317305922508
train,cf-bpr,0.06810101866722107
train,cf-bpr,0.031415246427059174
train,cf-bpr,0.040020957589149475
train,cf-bpr,0.03826185688376427
train,cf-bpr,0.04002979397773743
train,cf-bpr,0.03534986451268196
train,cf-bpr,0.03888872638344765
train,cf-bpr,0.031040703877806664
train,cf-bpr,0.039785176515579224
train,cf-bpr,0.03245014697313309
train,cf-bpr,0.029628515243530273
train,cf-bpr,0.040885571390390396
train,cf-bpr,0.03497314453125
train,cf-bpr,0.031408850103616714
train,cf-bpr,0.040285006165504456
train,cf-bpr,0.04395502060651779
train,cf-bpr,0.027655497193336487
train,cf-bpr,0.030176885426044464
train,cf-bpr,0.03989777714014053
train,cf-bpr,0.039828598499298096
train,cf-bpr,0.04300085827708244
train,cf-bpr,0.038632698357105255
train,cf-bpr,0.038401808589696884
train,cf-bpr,0.05778816342353821
train,cf-bpr,0.03612689673900604
train,cf-bpr,0.03802856057882309
train,cf-bpr,0.03301767632365227
train,cf-bpr,0.030375966802239418
train,cf-bpr,0.03298031538724899
train,cf-bpr,0.038789067417383194
train,cf-bpr,0.055782951414585114
train,cf-bpr,0.042799320071935654
train,cf-bpr,0.028643101453781128
train,cf-bpr,0.0255134254693985
train,cf-bpr,0.036391858011484146
train,cf-bpr,0.03486109897494316
train,cf-bpr,0.03456651419401169
train,cf-bpr,0.07454057037830353
train,cf-bpr,0.03252137079834938
train,cf-bpr,0.03580934554338455
train,cf-bpr,0.040298186242580414
train,cf-bpr,0.053824007511138916
train,cf-bpr,0.03156829625368118
train,cf-bpr,0.0567593015730381
train,cf-bpr,0.19544397294521332
train,cf-bpr,0.036255523562431335
train,cf-bpr,0.04643980413675308
train,cf-bpr,0.028117390349507332
train,cf-bpr,0.042320650070905685
train,cf-bpr,0.03903845697641373
train,cf-bpr,0.04163796827197075
train,cf-bpr,0.034938082098960876
train,cf-bpr,0.031345173716545105
train,cf-bpr,0.040353648364543915
train,cf-bpr,0.026643050834536552
train,cf-bpr,0.03418857231736183
train,cf-bpr,0.03598644584417343
train,cf-bpr,0.03487428277730942
train,cf-bpr,0.052904266864061356
train,cf-bpr,0.03288149833679199
train,cf-bpr,0.06521481275558472
train,cf-bpr,0.03639839217066765
train,cf-bpr,0.039774339646101
train,cf-bpr,0.034195322543382645
train,cf-bpr,0.034221451729536057
train,cf-bpr,0.040019337087869644
train,cf-bpr,0.0347512811422348
train,cf-bpr,0.05938531085848808
train,cf-bpr,0.054989174008369446
train,cf-bpr,0.04688268154859543
train,cf-bpr,0.03359025716781616
train,cf-bpr,0.03332703933119774
train,cf-bpr,0.04414644092321396
train,cf-bpr,0.03088301420211792
train,cf-bpr,0.04117406904697418
train,cf-bpr,0.05010761320590973
train,cf-bpr,0.029970336705446243
train,cf-bpr,0.034864719957113266
train,cf-bpr,0.03639046102762222
train,cf-bpr,0.03291233628988266
train,cf-bpr,0.03224608302116394
train,cf-bpr,0.0795021653175354
train,cf-bpr,0.03586980700492859
train,cf-bpr,0.04034542292356491
train,cf-bpr,0.031153377145528793
train,cf-bpr,0.04036274552345276
train,cf-bpr,0.031490590423345566
train,cf-bpr,0.027579722926020622
train,cf-bpr,0.04675237089395523
train,cf-bpr,0.035458777099847794
train,cf-bpr,0.029453013092279434
train,cf-bpr,0.052580613642930984
train,cf-bpr,0.025524549186229706
train,cf-bpr,0.06891671568155289
train,cf-bpr,0.0418776273727417
train,cf-bpr,0.03256266564130783
train,cf-bpr,0.03381792828440666
train,cf-bpr,0.03240906819701195
train,cf-bpr,0.05111503601074219
train,cf-bpr,0.05296307057142258
train,cf-bpr,0.03629889711737633
train,cf-bpr,0.04600992426276207
train,cf-bpr,0.04965021088719368
train,cf-bpr,0.0568498857319355
train,cf-bpr,0.03190034627914429
train,cf-bpr,0.04220007359981537
train,cf-bpr,0.03090798482298851
train,cf-bpr,0.03564152121543884
train,cf-bpr,0.039906300604343414
train,cf-bpr,0.046965520828962326
train,cf-bpr,0.03998999670147896
train,cf-bpr,0.052313223481178284
train,cf-bpr,0.0422433465719223
train,cf-bpr,0.049650341272354126
train,cf-bpr,0.04211263731122017
train,cf-bpr,0.03208642080426216
train,cf-bpr,0.04026426747441292
train,cf-bpr,0.03627879172563553
train,cf-bpr,0.033751558512449265
train,cf-bpr,0.03313136473298073
train,cf-bpr,0.04318860545754433
train,cf-bpr,0.041856613010168076
train,cf-bpr,0.03907372057437897
train,cf-bpr,0.02817702479660511
train,cf-bpr,0.04254141449928284
train,cf-bpr,0.036182235926389694
train,cf-bpr,0.03074805997312069
train,cf-bpr,0.03514755144715309
train,cf-bpr,0.045110899955034256
train,cf-bpr,0.05507829040288925
train,cf-bpr,0.03151151165366173
train,cf-bpr,0.06434284150600433
train,cf-bpr,0.033161457628011703
train,cf-bpr,0.029760481789708138
train,cf-bpr,0.048990458250045776
train,cf-bpr,0.0357026606798172
train,cf-bpr,0.04527284577488899
train,cf-bpr,0.04572507366538048
train,cf-bpr,0.04324718564748764
train,cf-bpr,0.0393562875688076
train,cf-bpr,0.03629384562373161
train,cf-bpr,0.039587508887052536
train,cf-bpr,0.042465902864933014
train,cf-bpr,0.03414618968963623
train,cf-bpr,0.039480675011873245
train,cf-bpr,0.0444723479449749
train,cf-bpr,0.036268044263124466
train,cf-bpr,0.04399167373776436
train,cf-bpr,0.04225025698542595
train,cf-bpr,0.03861510381102562
train,cf-bpr,0.031411297619342804
train,cf-bpr,0.044266216456890106
train,cf-bpr,0.0325101837515831
train,cf-bpr,0.035818226635456085
train,cf-bpr,0.06317616254091263
train,cf-bpr,0.029122047126293182
train,cf-bpr,0.031647950410842896
train,cf-bpr,0.04563254490494728
train,cf-bpr,0.03036314994096756
train,cf-bpr,0.03276807814836502
train,cf-bpr,0.04280225187540054
train,cf-bpr,0.03971410170197487
train,cf-bpr,0.04427411034703255
train,cf-bpr,0.03770814836025238
train,cf-bpr,0.027316542342305183
train,cf-bpr,0.043184544891119
train,cf-bpr,0.03700074926018715
train,cf-bpr,0.033589545637369156
train,cf-bpr,0.03332286328077316
train,cf-bpr,0.034536413848400116
train,cf-bpr,0.05030415207147598
train,cf-bpr,0.02622072584927082
train,cf-bpr,0.032506201416254044
train,cf-bpr,0.03781186416745186
train,cf-bpr,0.031080227345228195
train,cf-bpr,0.04524797201156616
train,cf-bpr,0.036130424588918686
train,cf-bpr,0.04680934548377991
train,cf-bpr,0.03568674996495247
train,cf-bpr,0.035729821771383286
train,cf-bpr,0.03921540081501007
train,cf-bpr,0.03437186777591705
train,cf-bpr,0.044703032821416855
train,cf-bpr,0.039785612374544144
train,cf-bpr,0.04377831518650055
train,cf-bpr,0.08185823261737823
train,cf-bpr,0.03570851311087608
train,cf-bpr,0.03425461798906326
train,cf-bpr,0.050182804465293884
train,cf-bpr,0.03762056306004524
train,cf-bpr,0.029209300875663757
train,cf-bpr,0.042598117142915726
train,cf-bpr,0.05103041231632233
train,cf-bpr,0.08820343762636185
train,cf-bpr,0.04450893774628639
train,cf-bpr,0.029020896181464195
train,cf-bpr,0.03161932900547981
train,cf-bpr,0.02876799739897251
train,cf-bpr,0.056577712297439575
train,cf-bpr,0.03861970454454422
train,cf-bpr,0.039928700774908066
train,cf-bpr,0.04128889739513397
train,cf-bpr,0.056781940162181854
train,cf-bpr,0.03187045082449913
train,cf-bpr,0.04013495519757271
train,cf-bpr,0.031709279865026474
train,cf-bpr,0.04618970304727554
train,cf-bpr,0.04052678495645523
train,cf-bpr,0.041199225932359695
train,cf-bpr,0.03358818218111992
train,cf-bpr,0.046911031007766724
train,cf-bpr,0.04085180535912514
train,cf-bpr,0.03401275351643562
train,cf-bpr,0.08054906874895096
train,cf-bpr,0.03346998244524002
train,cf-bpr,0.046294260770082474
train,cf-bpr,0.031668685376644135
train,cf-bpr,0.041358981281518936
train,cf-bpr,0.04598435387015343
train,cf-bpr,0.037885259836912155
train,cf-bpr,0.036032017320394516
train,cf-bpr,0.04017866775393486
train,cf-bpr,0.03246687725186348
train,cf-bpr,0.041057996451854706
train,cf-bpr,0.03890412300825119
train,cf-bpr,0.03782116621732712
train,cf-bpr,0.03417627885937691
train,cf-bpr,0.05755660682916641
train,cf-bpr,0.0394948273897171
train,cf-bpr,0.03639804199337959
train,cf-bpr,0.02897445484995842
train,cf-bpr,0.03484303131699562
train,cf-bpr,0.037364061921834946
train,cf-bpr,0.04613732546567917
train,cf-bpr,0.052624691277742386
train,cf-bpr,0.026547158136963844
train,cf-bpr,0.04744859039783478
train,cf-bpr,0.040637288242578506
train,cf-bpr,0.05843178927898407
train,cf-bpr,0.03104460798203945
train,cf-bpr,0.03611563518643379
train,cf-bpr,0.055118728429079056
train,cf-bpr,0.04356877878308296
train,cf-bpr,0.03463597968220711
train,cf-bpr,0.02960003726184368
train,cf-bpr,0.039503827691078186
train,cf-bpr,0.04361017048358917
train,cf-bpr,0.03908795863389969
train,cf-bpr,0.039269570261240005
train,cf-bpr,0.0327606126666069
train,cf-bpr,0.044052183628082275
train,cf-bpr,0.037934333086013794
train,cf-bpr,0.05384509265422821
train,cf-bpr,0.027528781443834305
train,cf-bpr,0.042280420660972595
train,cf-bpr,0.04099113494157791
train,cf-bpr,0.02679973654448986
train,cf-bpr,0.07053831219673157
train,cf-bpr,0.04066154360771179
train,cf-bpr,0.041664984077215195
train,cf-bpr,0.03026624210178852
train,cf-bpr,0.03197348862886429
train,cf-bpr,0.035227056592702866
train,cf-bpr,0.04116921126842499
train,cf-bpr,0.043096594512462616
train,cf-bpr,0.035421598702669144
train,cf-bpr,0.032259564846754074
train,cf-bpr,0.03747720271348953
train,cf-bpr,0.04481445625424385
train,cf-bpr,0.029758639633655548
train,cf-bpr,0.03274650499224663
train,cf-bpr,0.031760912388563156
train,cf-bpr,0.03349446877837181
train,cf-bpr,0.03667862340807915
train,cf-bpr,0.05729808658361435
train,cf-bpr,0.0336160883307457
train,cf-bpr,0.043535005301237106
train,cf-bpr,0.0317297987639904
train,cf-bpr,0.04619986563920975
train,cf-bpr,0.026345761492848396
train,cf-bpr,0.04364632070064545
train,cf-bpr,0.04902896285057068
train,cf-bpr,0.03920004889369011
train,cf-bpr,0.03578480705618858
train,cf-bpr,0.030983969569206238
train,cf-bpr,0.03588265925645828
train,cf-bpr,0.035907190293073654
train,cf-bpr,0.03174667805433273
train,cf-bpr,0.03341599181294441
train,cf-bpr,0.04187348857522011
train,cf-bpr,0.05604282021522522
train,cf-bpr,0.03834543004631996
train,cf-bpr,0.03760485723614693
train,cf-bpr,0.04918995872139931
train,cf-bpr,0.04166742414236069
train,cf-bpr,0.06031401455402374
train,cf-bpr,0.04227687045931816
train,cf-bpr,0.04134133830666542
train,cf-bpr,0.041524771600961685
train,cf-bpr,0.03916938230395317
train,cf-bpr,0.04544847086071968
train,cf-bpr,0.040667302906513214
train,cf-bpr,0.03698943927884102
train,cf-bpr,0.03458785638213158
train,cf-bpr,0.030052365735173225
train,cf-bpr,0.03531010448932648
train,cf-bpr,0.048942968249320984
train,cf-bpr,0.05593673512339592
train,cf-bpr,0.04078231751918793
train,cf-bpr,0.03893497958779335
train,cf-bpr,0.032403916120529175
train,cf-bpr,0.02151135541498661
train,cf-bpr,0.04200850799679756
train,cf-bpr,0.05723736435174942
train,cf-bpr,0.03539970889687538
train,cf-bpr,0.03672470152378082
train,cf-bpr,0.03484908491373062
train,cf-bpr,0.031169282272458076
train,cf-bpr,0.04796026647090912
train,cf-bpr,0.037407662719488144
train,cf-bpr,0.030941596254706383
train,cf-bpr,0.041202362626791
train,cf-bpr,0.038484182208776474
train,cf-bpr,0.033478446304798126
train,cf-bpr,0.027362776920199394
train,cf-bpr,0.04302540794014931
train,cf-bpr,0.03471602499485016
train,cf-bpr,0.029837889596819878
train,cf-bpr,0.05112624540925026
train,cf-bpr,0.042681239545345306
train,cf-bpr,0.0627450942993164
train,cf-bpr,0.03005434200167656
train,cf-bpr,0.0334986113011837
train,cf-bpr,0.028331490233540535
train,cf-bpr,0.028037777170538902
train,cf-bpr,0.03701326251029968
train,cf-bpr,0.0491037555038929
train,cf-bpr,0.041641660034656525
train,cf-bpr,0.03563810884952545
train,cf-bpr,0.027790112420916557
train,cf-bpr,0.04945896938443184
train,cf-bpr,0.029204031452536583
train,cf-bpr,0.03573678433895111
train,cf-bpr,0.07403451949357986
train,cf-bpr,0.033381976187229156
train,cf-bpr,0.032727114856243134
train,cf-bpr,0.040526680648326874
train,cf-bpr,0.04338729381561279
train,cf-bpr,0.03646637499332428
train,cf-bpr,0.040998637676239014
train,cf-bpr,0.037528183311223984
train,cf-bpr,0.05706793814897537
train,cf-bpr,0.03226373344659805
train,cf-bpr,0.03312519192695618
train,cf-bpr,0.04304153844714165
train,cf-bpr,0.03472594544291496
train,cf-bpr,0.036944031715393066
train,cf-bpr,0.032897476106882095
train,cf-bpr,0.042379677295684814
train,cf-bpr,0.035622626543045044
train,cf-bpr,0.032931774854660034
train,cf-bpr,0.043753232806921005
train,cf-bpr,0.03984625265002251
train,cf-bpr,0.043370895087718964
train,cf-bpr,0.0364043191075325
train,cf-bpr,0.02989487163722515
train,cf-bpr,0.04003024473786354
train,cf-bpr,0.073745958507061
train,cf-bpr,0.045491963624954224
train,cf-bpr,0.03478100150823593
train,cf-bpr,0.04131801798939705
train,cf-bpr,0.04347764328122139
train,cf-bpr,0.034485604614019394
train,cf-bpr,0.038487330079078674
train,cf-bpr,0.03899072855710983
train,cf-bpr,0.04198559373617172
train,cf-bpr,0.044367626309394836
train,cf-bpr,0.036312077194452286
train,cf-bpr,0.034989483654499054
train,cf-bpr,0.02613862045109272
train,cf-bpr,0.05363718047738075
train,cf-bpr,0.042383186519145966
train,cf-bpr,0.03731068968772888
train,cf-bpr,0.03969360142946243
train,cf-bpr,0.02885126695036888
train,cf-bpr,0.04178008809685707
train,cf-bpr,0.028385253623127937
train,cf-bpr,0.032644495368003845
train,cf-bpr,0.10824004560709
train,cf-bpr,0.0379650816321373
train,cf-bpr,0.03634171560406685
train,cf-bpr,0.03470747917890549
train,cf-bpr,0.04063954949378967
train,cf-bpr,0.036634039133787155
train,cf-bpr,0.038377922028303146
train,cf-bpr,0.03145508095622063
train,cf-bpr,0.043372608721256256
train,cf-bpr,0.05910409241914749
train,cf-bpr,0.05855659767985344
train,cf-bpr,0.03572181984782219
train,cf-bpr,0.04973017796874046
train,cf-bpr,0.03074846789240837
train,cf-bpr,0.034133411943912506
train,cf-bpr,0.0319189578294754
train,cf-bpr,0.03511734679341316
train,cf-bpr,0.04209892079234123
train,cf-bpr,0.03470606356859207
train,cf-bpr,0.03440283611416817
train,cf-bpr,0.03966732323169708
train,cf-bpr,0.09552840888500214
train,cf-bpr,0.0438494011759758
train,cf-bpr,0.04127001389861107
train,cf-bpr,0.04338860884308815
train,cf-bpr,0.029963582754135132
train,cf-bpr,0.03689321503043175
train,cf-bpr,0.042593490332365036
train,cf-bpr,0.03470838442444801
train,cf-bpr,0.040407199412584305
train,cf-bpr,0.030852796509861946
train,cf-bpr,0.046580277383327484
train,cf-bpr,0.04368095472455025
train,cf-bpr,0.03436167165637016
train,cf-bpr,0.07405072450637817
train,cf-bpr,0.050394993275403976
train,cf-bpr,0.04535377398133278
train,cf-bpr,0.04919428750872612
train,cf-bpr,0.03339335322380066
train,cf-bpr,0.050612807273864746
train,cf-bpr,0.04914066568017006
train,cf-bpr,0.04140939563512802
train,cf-bpr,0.037398453801870346
train,cf-bpr,0.034634169191122055
train,cf-bpr,0.034954674541950226
train,cf-bpr,0.029608987271785736
train,cf-bpr,0.02976474165916443
train,cf-bpr,0.05370381474494934
train,cf-bpr,0.052356742322444916
train,cf-bpr,0.03455524519085884
train,cf-bpr,0.03464319929480553
train,cf-bpr,0.02912818267941475
train,cf-bpr,0.06204933673143387
train,cf-bpr,0.054547809064388275
train,cf-bpr,0.04507576674222946
train,cf-bpr,0.03316299989819527
train,cf-bpr,0.043833278119564056
train,cf-bpr,0.062138356268405914
train,cf-bpr,0.03273950517177582
train,cf-bpr,0.03491692245006561
train,cf-bpr,0.05027225986123085
train,cf-bpr,0.028910916298627853
train,cf-bpr,0.03023037128150463
train,cf-bpr,0.04132509604096413
train,cf-bpr,0.04490865394473076
train,cf-bpr,0.03169789910316467
train,cf-bpr,0.03062725067138672
train,cf-bpr,0.03642161563038826
train,cf-bpr,0.05891226604580879
train,cf-bpr,0.042284972965717316
train,cf-bpr,0.033961016684770584
train,cf-bpr,0.04130001366138458
train,cf-bpr,0.040274158120155334
train,cf-bpr,0.03107631579041481
train,cf-bpr,0.02304682508111
train,cf-bpr,0.02887514792382717
train,cf-bpr,0.036381516605615616
train,cf-bpr,0.041819941252470016
train,cf-bpr,0.052003033459186554
train,cf-bpr,0.09441376477479935
train,cf-bpr,0.043494246900081635
train,cf-bpr,0.033175259828567505
train,cf-bpr,0.06903301179409027
train,cf-bpr,0.040345337241888046
train,cf-bpr,0.04190566763281822
train,cf-bpr,0.02662082202732563
train,cf-bpr,0.02863696776330471
train,cf-bpr,0.03659672662615776
train,cf-bpr,0.026049956679344177
train,cf-bpr,0.034485675394535065
train,cf-bpr,0.04084811732172966
train,cf-bpr,0.041097044944763184
train,cf-bpr,0.03316845744848251
train,cf-bpr,0.03213261067867279
train,cf-bpr,0.03613875061273575
train,cf-bpr,0.02581617422401905
train,cf-bpr,0.038965802639722824
train,cf-bpr,0.057744648307561874
train,cf-bpr,0.03208369016647339
train,cf-bpr,0.03821343556046486
train,cf-bpr,0.03693121671676636
train,cf-bpr,0.031466733664274216
train,cf-bpr,0.035953011363744736
train,cf-bpr,0.031927067786455154
train,cf-bpr,0.028571026399731636
train,cf-bpr,0.03579607978463173
train,cf-bpr,0.04087075591087341
train,cf-bpr,0.028632240369915962
train,cf-bpr,0.04123654589056969
train,cf-bpr,0.02660507522523403
train,cf-bpr,0.03990646079182625
train,cf-bpr,0.040731921792030334
train,cf-bpr,0.07464654743671417
train,cf-bpr,0.029897542670369148
train,cf-bpr,0.04735550284385681
train,cf-bpr,0.0457766018807888
train,cf-bpr,0.03237564116716385
train,cf-bpr,0.0432756170630455
train,cf-bpr,0.025575723499059677
train,cf-bpr,0.0463748462498188
train,cf-bpr,0.034899961203336716
train,cf-bpr,0.04131815582513809
train,cf-bpr,0.04021953046321869
train,cf-bpr,0.03740357980132103
train,cf-bpr,0.03732513636350632
train,cf-bpr,0.03124306909739971
train,cf-bpr,0.03340781852602959
train,cf-bpr,0.037375517189502716
train,cf-bpr,0.03600012883543968
train,cf-bpr,0.026047443971037865
train,cf-bpr,0.03366001695394516
train,cf-bpr,0.05092234164476395
train,cf-bpr,0.04350199177861214
train,cf-bpr,0.03614611551165581
train,cf-bpr,0.042003948241472244
train,cf-bpr,0.03827609494328499
train,cf-bpr,0.06463467329740524
train,cf-bpr,0.03663923218846321
train,cf-bpr,0.03142701834440231
train,cf-bpr,0.036466095596551895
train,cf-bpr,0.0305420383810997
train,cf-bpr,0.03642343357205391
train,cf-bpr,0.05337073653936386
train,cf-bpr,0.037000712007284164
train,cf-bpr,0.036938197910785675
train,cf-bpr,0.03462155535817146
train,cf-bpr,0.0375518724322319
train,cf-bpr,0.03974345326423645
train,cf-bpr,0.03504227101802826
train,cf-bpr,0.03191142901778221
train,cf-bpr,0.031059233471751213
train,cf-bpr,0.05014197900891304
train,cf-bpr,0.031099222600460052
train,cf-bpr,0.03980537876486778
train,cf-bpr,0.03284524381160736
train,cf-bpr,0.04929930344223976
train,cf-bpr,0.037793077528476715
train,cf-bpr,0.0438004769384861
train,cf-bpr,0.05467957258224487
train,cf-bpr,0.04892399534583092
train,cf-bpr,0.05334531515836716
train,cf-bpr,0.040685538202524185
train,cf-bpr,0.03503221645951271
train,cf-bpr,0.040835410356521606
train,cf-bpr,0.06847802549600601
train,cf-bpr,0.06106157228350639
train,cf-bpr,0.03711205720901489
train,cf-bpr,0.032372504472732544
train,cf-bpr,0.034123051911592484
train,cf-bpr,0.03345365822315216
train,cf-bpr,0.039352383464574814
train,cf-bpr,0.04452435299754143
train,cf-bpr,0.03782012686133385
train,cf-bpr,0.05895012244582176
train,cf-bpr,0.03546036779880524
train,cf-bpr,0.035004787147045135
train,cf-bpr,0.040858715772628784
train,cf-bpr,0.03146478906273842
train,cf-bpr,0.03470772132277489
train,cf-bpr,0.03162159398198128
train,cf-bpr,0.03680810704827309
train,cf-bpr,0.06796326488256454
train,cf-bpr,0.034724656492471695
train,cf-bpr,0.02729756571352482
train,cf-bpr,0.05568194016814232
train,cf-bpr,0.041965119540691376
train,cf-bpr,0.04738546162843704
train,cf-bpr,0.03114703856408596
train,cf-bpr,0.04226669669151306
train,cf-bpr,0.03031325712800026
train,cf-bpr,0.04524757340550423
train,cf-bpr,0.04044234752655029
train,cf-bpr,0.024021659046411514
train,cf-bpr,0.030356649309396744
train,cf-bpr,0.027263326570391655
train,cf-bpr,0.031919267028570175
train,cf-bpr,0.037059854716062546
train,cf-bpr,0.03455580025911331
train,cf-bpr,0.036403849720954895
train,cf-bpr,0.025666285306215286
train,cf-bpr,0.031136346980929375
train,cf-bpr,0.03285114839673042
train,cf-bpr,0.03940198943018913
train,cf-bpr,0.03414051979780197
train,cf-bpr,0.0317402109503746
train,cf-bpr,0.0413927286863327
train,cf-bpr,0.02803601697087288
train,cf-bpr,0.025851085782051086
train,cf-bpr,0.03694157302379608
train,cf-bpr,0.04016132652759552
train,cf-bpr,0.054637420922517776
train,cf-bpr,0.03201063722372055
train,cf-bpr,0.03312583267688751
train,cf-bpr,0.03095497004687786
train,cf-bpr,0.028216758742928505
train,cf-bpr,0.04304647073149681
train,cf-bpr,0.03146187961101532
train,cf-bpr,0.06543105840682983
train,cf-bpr,0.04534439370036125
train,cf-bpr,0.03360000252723694
train,cf-bpr,0.04411640018224716
train,cf-bpr,0.04329737648367882
train,cf-bpr,0.04367707297205925
train,cf-bpr,0.0398673340678215
train,cf-bpr,0.026347381994128227
train,cf-bpr,0.02694215439260006
train,cf-bpr,0.034544941037893295
train,cf-bpr,0.033375389873981476
train,cf-bpr,0.04609899967908859
train,cf-bpr,0.04106350243091583
train,cf-bpr,0.025867413729429245
train,cf-bpr,0.02693033218383789
train,cf-bpr,0.042655497789382935
train,cf-bpr,0.04176773130893707
train,cf-bpr,0.0283441673964262
train,cf-bpr,0.08991453051567078
train,cf-bpr,0.04380869120359421
train,cf-bpr,0.046722982078790665
train,cf-bpr,0.036432113498449326
train,cf-bpr,0.03697557747364044
train,cf-bpr,0.027111437171697617
train,cf-bpr,0.04700087383389473
train,cf-bpr,0.03393621742725372
train,cf-bpr,0.0385877788066864
train,cf-bpr,0.041776325553655624
train,cf-bpr,0.034672316163778305
train,cf-bpr,0.03299110755324364
train,cf-bpr,0.08721921592950821
train,cf-bpr,0.03005429171025753
train,cf-bpr,0.04398028180003166
train,cf-bpr,0.034330449998378754
train,cf-bpr,0.040983062237501144
train,cf-bpr,0.04199018329381943
train,cf-bpr,0.043187353760004044
train,cf-bpr,0.026076436042785645
train,cf-bpr,0.04003479331731796
train,cf-bpr,0.03291025012731552
train,cf-bpr,0.03635743260383606
train,cf-bpr,0.05450005456805229
train,cf-bpr,0.026799099519848824
train,cf-bpr,0.03163392096757889
train,cf-bpr,0.029755854979157448
train,cf-bpr,0.0276111401617527
train,cf-bpr,0.0327770933508873
train,cf-bpr,0.02903735265135765
train,cf-bpr,0.037236347794532776
train,cf-bpr,0.04362955689430237
train,cf-bpr,0.03471927344799042
train,cf-bpr,0.030458759516477585
train,cf-bpr,0.055127549916505814
train,cf-bpr,0.022593654692173004
train,cf-bpr,0.041659239679574966
train,cf-bpr,0.03834511712193489
train,cf-bpr,0.03516755253076553
train,cf-bpr,0.035593174397945404
train,cf-bpr,0.036809638142585754
train,cf-bpr,0.04063751548528671
train,cf-bpr,0.03336522355675697
train,cf-bpr,0.052189797163009644
train,cf-bpr,0.039504293352365494
train,cf-bpr,0.0408274345099926
train,cf-bpr,0.04365057870745659
train,cf-bpr,0.03800912946462631
train,cf-bpr,0.03481470048427582
train,cf-bpr,0.04089542105793953
train,cf-bpr,0.04520729184150696
train,cf-bpr,0.037424392998218536
train,cf-bpr,0.02642853744328022
train,cf-bpr,0.03535769507288933
train,cf-bpr,0.041035138070583344
train,cf-bpr,0.029008138924837112
train,cf-bpr,0.040585797280073166
train,cf-bpr,0.049426089972257614
train,cf-bpr,0.04940669983625412
train,cf-bpr,0.03685398027300835
train,cf-bpr,0.04113485664129257
train,cf-bpr,0.02858707681298256
train,cf-bpr,0.07168571650981903
train,cf-bpr,0.03096172586083412
train,cf-bpr,0.0335557796061039
train,cf-bpr,0.03696514666080475
train,cf-bpr,0.0298523660749197
train,cf-bpr,0.027098683640360832
train,cf-bpr,0.031997136771678925
train,cf-bpr,0.038571178913116455
train,cf-bpr,0.05357738211750984
train,cf-bpr,0.034729085862636566
train,cf-bpr,0.043067287653684616
train,cf-bpr,0.08398684114217758
train,cf-bpr,0.03477438539266586
train,cf-bpr,0.04731450602412224
train,cf-bpr,0.04058406502008438
train,cf-bpr,0.03785216808319092
train,cf-bpr,0.03602798655629158
train,cf-bpr,0.043755315244197845
train,cf-bpr,0.039201002568006516
train,cf-bpr,0.034034352749586105
train,cf-bpr,0.03330252319574356
train,cf-bpr,0.04753313958644867
train,cf-bpr,0.030074352398514748
train,cf-bpr,0.03498833626508713
train,cf-bpr,0.04337974637746811
train,cf-bpr,0.04588930681347847
train,cf-bpr,0.03812010586261749
train,cf-bpr,0.03408138081431389
train,cf-bpr,0.03539838641881943
train,cf-bpr,0.046857140958309174
train,cf-bpr,0.043506670743227005
train,cf-bpr,0.054189421236515045
train,cf-bpr,0.033176589757204056
train,cf-bpr,0.05202877148985863
train,cf-bpr,0.03951111435890198
train,cf-bpr,0.03992808237671852
train,cf-bpr,0.038508303463459015
train,cf-bpr,0.036034755408763885
train,cf-bpr,0.051177650690078735
train,cf-bpr,0.045286133885383606
train,cf-bpr,0.035377394407987595
train,cf-bpr,0.052743278443813324
train,cf-bpr,0.05759912729263306
train,cf-bpr,0.04837125167250633
train,cf-bpr,0.0323377326130867
train,cf-bpr,0.027311336249113083
train,cf-bpr,0.03708129748702049
train,cf-bpr,0.04091506078839302
train,cf-bpr,0.03572273254394531
train,cf-bpr,0.03467762842774391
train,cf-bpr,0.022953758016228676
train,cf-bpr,0.03695375472307205
train,cf-bpr,0.03015120141208172
train,cf-bpr,0.038713134825229645
train,cf-bpr,0.03861347213387489
train,cf-bpr,0.040174730122089386
train,cf-bpr,0.04668159782886505
train,cf-bpr,0.03587925061583519
train,cf-bpr,0.043886736035346985
train,cf-bpr,0.0326194204390049
train,cf-bpr,0.05086252838373184
train,cf-bpr,0.028928834944963455
train,cf-bpr,0.03242762014269829
train,cf-bpr,0.032375287264585495
train,cf-bpr,0.03085676021873951
train,cf-bpr,0.06406757235527039
train,cf-bpr,0.049111105501651764
train,cf-bpr,0.028832050040364265
train,cf-bpr,0.0332786999642849
train,cf-bpr,0.034049518406391144
train,cf-bpr,0.04405766725540161
train,cf-bpr,0.04829658195376396
train,cf-bpr,0.02879684790968895
train,cf-bpr,0.027674486860632896
train,cf-bpr,0.03539056330919266
train,cf-bpr,0.028915442526340485
train,cf-bpr,0.043200090527534485
train,cf-bpr,0.04219911992549896
train,cf-bpr,0.03332893177866936
train,cf-bpr,0.03360019251704216
train,cf-bpr,0.04010256007313728
train,cf-bpr,0.049133751541376114
train,cf-bpr,0.039355531334877014
train,cf-bpr,0.04681495204567909
train,cf-bpr,0.05122077837586403
train,cf-bpr,0.0441281832754612
train,cf-bpr,0.03548724576830864
train,cf-bpr,0.030416954308748245
train,cf-bpr,0.03768506646156311
train,cf-bpr,0.050316888839006424
train,cf-bpr,0.04436102509498596
train,cf-bpr,0.0378618985414505
train,cf-bpr,0.037755336612463
train,cf-bpr,0.035274725407361984
train,cf-bpr,0.0479184128344059
train,cf-bpr,0.03127382695674896
train,cf-bpr,0.040073733776807785
train,cf-bpr,0.045253586024045944
train,cf-bpr,0.06264787912368774
train,cf-bpr,0.03975038602948189
train,cf-bpr,0.045755784958601
train,cf-bpr,0.029984839260578156
train,cf-bpr,0.038044463843107224
train,cf-bpr,0.04244348406791687
train,cf-bpr,0.056943733245134354
train,cf-bpr,0.042140424251556396
train,cf-bpr,0.0378643274307251
train,cf-bpr,0.03662016987800598
train,cf-bpr,0.03098333813250065
train,cf-bpr,0.040572937577962875
train,cf-bpr,0.053945086896419525
train,cf-bpr,0.05522875115275383
train,cf-bpr,0.032196976244449615
train,cf-bpr,0.03837975114583969
train,cf-bpr,0.04277176409959793
train,cf-bpr,0.03395536169409752
train,cf-bpr,0.048463840037584305
train,cf-bpr,0.02804371900856495
train,cf-bpr,0.028727080672979355
train,cf-bpr,0.03939082473516464
train,cf-bpr,0.049588125199079514
train,cf-bpr,0.04200437664985657
train,cf-bpr,0.026756415143609047
train,cf-bpr,0.04081081226468086
train,cf-bpr,0.03814874216914177
train,cf-bpr,0.02973346970975399
train,cf-bpr,0.03548722714185715
train,cf-bpr,0.03681844472885132
train,cf-bpr,0.04573788866400719
train,cf-bpr,0.036116983741521835
train,cf-bpr,0.03465760499238968
train,cf-bpr,0.02986534684896469
train,cf-bpr,0.03675151988863945
train,cf-bpr,0.05451943352818489
train,cf-bpr,0.042125169187784195
train,cf-bpr,0.03413793072104454
train,cf-bpr,0.03353419527411461
train,cf-bpr,0.039408426731824875
train,cf-bpr,0.041863296180963516
train,cf-bpr,0.04049228876829147
train,cf-bpr,0.03824744373559952
train,cf-bpr,0.03008716180920601
train,cf-bpr,0.039858654141426086
train,cf-bpr,0.034838151186704636
train,cf-bpr,0.04536978527903557
train,cf-bpr,0.037862326949834824
train,cf-bpr,0.02989937737584114
train,cf-bpr,0.030657650902867317
train,cf-bpr,0.024897323921322823
train,cf-bpr,0.03675235062837601
train,cf-bpr,0.03867638111114502
train,cf-bpr,0.047057874500751495
train,cf-bpr,0.03155021741986275
train,cf-bpr,0.035826295614242554
train,cf-bpr,0.055178314447402954
train,cf-bpr,0.03308269381523132
train,cf-bpr,0.059434741735458374
train,cf-bpr,0.03365914523601532
train,cf-bpr,0.034412313252687454
train,cf-bpr,0.03267892450094223
train,cf-bpr,0.03622201830148697
train,cf-bpr,0.04692455753684044
train,cf-bpr,0.040844548493623734
train,cf-bpr,0.03965335339307785
train,cf-bpr,0.04043214023113251
train,cf-bpr,0.027400629594922066
train,cf-bpr,0.04080704599618912
train,cf-bpr,0.03796134516596794
train,cf-bpr,0.04192214086651802
train,cf-bpr,0.043383222073316574
train,cf-bpr,0.051537953317165375
train,cf-bpr,0.033854518085718155
train,cf-bpr,0.039944905787706375
train,cf-bpr,0.031776268035173416
train,cf-bpr,0.03535919636487961
train,cf-bpr,0.025625886395573616
train,cf-bpr,0.03926728293299675
train,cf-bpr,0.04280829057097435
train,cf-bpr,0.057205963879823685
train,cf-bpr,0.03772963583469391
train,cf-bpr,0.04233219102025032
train,cf-bpr,0.03849753364920616
train,cf-bpr,0.037769563496112823
train,cf-bpr,0.07794101536273956
train,cf-bpr,0.06832094490528107
train,cf-bpr,0.034746360033750534
train,cf-bpr,0.039785757660865784
train,cf-bpr,0.049175556749105453
train,cf-bpr,0.03345151245594025
train,cf-bpr,0.04566628113389015
train,cf-bpr,0.028918180614709854
train,cf-bpr,0.0332234762609005
train,cf-bpr,0.029103511944413185
train,cf-bpr,0.04039209708571434
train,cf-bpr,0.03056030347943306
train,cf-bpr,0.04503614827990532
train,cf-bpr,0.04920750483870506
train,cf-bpr,0.046798814088106155
train,cf-bpr,0.03942360728979111
train,cf-bpr,0.04315408691763878
train,cf-bpr,0.048806849867105484
train,cf-bpr,0.03732705116271973
train,cf-bpr,0.03317265212535858
train,cf-bpr,0.029573839157819748
train,cf-bpr,0.03902442380785942
train,cf-bpr,0.03327275067567825
train,cf-bpr,0.0550125427544117
train,cf-bpr,0.04020822048187256
train,cf-bpr,0.03887980058789253
train,cf-bpr,0.03356267884373665
train,cf-bpr,0.03843778371810913
train,cf-bpr,0.04477693513035774
train,cf-bpr,0.040318019688129425
train,cf-bpr,0.03059798665344715
train,cf-bpr,0.047080982476472855
train,cf-bpr,0.03351385146379471
train,cf-bpr,0.0455959253013134
train,cf-bpr,0.033450786024332047
train,cf-bpr,0.03204495832324028
train,cf-bpr,0.03572326526045799
train,cf-bpr,0.029651880264282227
train,cf-bpr,0.039801351726055145
train,cf-bpr,0.04482439532876015
train,cf-bpr,0.032606419175863266
train,cf-bpr,0.02832072414457798
train,cf-bpr,0.045829541981220245
train,cf-bpr,0.0487804189324379
train,cf-bpr,0.03377942740917206
train,cf-bpr,0.06923481822013855
train,cf-bpr,0.03763836994767189
train,cf-bpr,0.03196615353226662
train,cf-bpr,0.04132027551531792
train,cf-bpr,0.032946404069662094
train,cf-bpr,0.03485983610153198
train,cf-bpr,0.042774610221385956
train,cf-bpr,0.05285584181547165
train,cf-bpr,0.030837101861834526
train,cf-bpr,0.03129761293530464
train,cf-bpr,0.03274913877248764
train,cf-bpr,0.04370516538619995
train,cf-bpr,0.034689221531152725
train,cf-bpr,0.038061320781707764
train,cf-bpr,0.027719058096408844
train,cf-bpr,0.03628094866871834
train,cf-bpr,0.043919917196035385
train,cf-bpr,0.026113416999578476
train,cf-bpr,0.04211030900478363
train,cf-bpr,0.03167968615889549
train,cf-bpr,0.0455864742398262
train,cf-bpr,0.052728958427906036
train,cf-bpr,0.025806257501244545
train,cf-bpr,0.036517851054668427
train,cf-bpr,0.036601100116968155
train,cf-bpr,0.031806256622076035
train,cf-bpr,0.053101547062397
train,cf-bpr,0.04998847469687462
train,cf-bpr,0.03613903373479843
train,cf-bpr,0.03038620948791504
train,cf-bpr,0.04128227382898331
train,cf-bpr,0.03745089843869209
train,cf-bpr,0.039889805018901825
train,cf-bpr,0.048183027654886246
train,cf-bpr,0.04177480936050415
train,cf-bpr,0.04071583226323128
train,cf-bpr,0.031006569042801857
train,cf-bpr,0.031600210815668106
train,cf-bpr,0.036396682262420654
train,cf-bpr,0.032813847064971924
train,cf-bpr,0.0346752293407917
train,cf-bpr,0.032042521983385086
train,cf-bpr,0.038510795682668686
train,cf-bpr,0.0387452058494091
train,cf-bpr,0.0484372042119503
train,cf-bpr,0.03948718309402466
train,cf-bpr,0.0477609783411026
train,cf-bpr,0.06033063307404518
train,cf-bpr,0.02515139989554882
train,cf-bpr,0.08871528506278992
train,cf-bpr,0.03848792985081673
train,cf-bpr,0.03948809206485748
train,cf-bpr,0.041266247630119324
train,cf-bpr,0.03041309118270874
train,cf-bpr,0.0334881953895092
train,cf-bpr,0.037067435681819916
train,cf-bpr,0.03447863459587097
train,cf-bpr,0.03172171488404274
train,cf-bpr,0.0494445338845253
train,cf-bpr,0.03173859417438507
train,cf-bpr,0.04778854921460152
train,cf-bpr,0.041695691645145416
train,cf-bpr,0.03667910397052765
train,cf-bpr,0.04261559993028641
train,cf-bpr,0.04055482894182205
train,cf-bpr,0.028180226683616638
train,cf-bpr,0.03728213533759117
train,cf-bpr,0.07585248351097107
train,cf-bpr,0.03356741741299629
train,cf-bpr,0.09877283871173859
train,cf-bpr,0.05847325176000595
train,cf-bpr,0.030274542048573494
train,cf-bpr,0.034405287355184555
train,cf-bpr,0.05386326462030411
train,cf-bpr,0.02376670576632023
train,cf-bpr,0.045198556035757065
train,cf-bpr,0.029010673984885216
train,cf-bpr,0.041798003017902374
train,cf-bpr,0.041962090879678726
train,cf-bpr,0.029105443507432938
train,cf-bpr,0.03227044641971588
train,cf-bpr,0.04535827785730362
train,cf-bpr,0.04798826202750206
train,cf-bpr,0.046051304787397385
train,cf-bpr,0.04499240219593048
train,cf-bpr,0.04526872932910919
train,cf-bpr,0.030124366283416748
train,cf-bpr,0.03790820762515068
train,cf-bpr,0.036130111664533615
train,cf-bpr,0.043930232524871826
train,cf-bpr,0.033186137676239014
train,cf-bpr,0.03894996643066406
train,cf-bpr,0.03133879974484444
train,cf-bpr,0.036288224160671234
train,cf-bpr,0.02555152215063572
train,cf-bpr,0.033390987664461136
train,cf-bpr,0.04273664206266403
train,cf-bpr,0.025923024863004684
train,cf-bpr,0.040957845747470856
train,cf-bpr,0.03522173687815666
train,cf-bpr,0.032613251358270645
train,cf-bpr,0.039934124797582626
train,cf-bpr,0.0370200015604496
train,cf-bpr,0.05670386925339699
train,cf-bpr,0.054440855979919434
train,cf-bpr,0.03500059247016907
train,cf-bpr,0.023807168006896973
train,cf-bpr,0.03939313068985939
train,cf-bpr,0.03895515203475952
train,cf-bpr,0.03756575658917427
train,cf-bpr,0.0377793051302433
train,cf-bpr,0.03670207038521767
train,cf-bpr,0.026184894144535065
train,cf-bpr,0.03376118838787079
train,cf-bpr,0.03370874375104904
train,cf-bpr,0.035259146243333817
train,cf-bpr,0.02838849648833275
train,cf-bpr,0.03989678621292114
train,cf-bpr,0.026236439123749733
train,cf-bpr,0.037446100264787674
train,cf-bpr,0.04764031618833542
train,cf-bpr,0.04350173473358154
train,cf-bpr,0.031172489747405052
train,cf-bpr,0.03755716606974602
train,cf-bpr,0.034521009773015976
train,cf-bpr,0.03173287585377693
train,cf-bpr,0.03974160924553871
train,cf-bpr,0.048263613134622574
train,cf-bpr,0.027858180925250053
train,cf-bpr,0.0449308305978775
train,cf-bpr,0.04373755306005478
train,cf-bpr,0.044562168419361115
train,cf-bpr,0.04750877991318703
train,cf-bpr,0.03280403092503548
train,cf-bpr,0.02724955789744854
train,cf-bpr,0.03718705102801323
train,cf-bpr,0.0396747961640358
train,cf-bpr,0.030142029747366905
train,cf-bpr,0.03907541558146477
train,cf-bpr,0.04157119616866112
train,cf-bpr,0.05266799032688141
train,cf-bpr,0.08089381456375122
train,cf-bpr,0.04630577191710472
train,cf-bpr,0.04001354053616524
train,cf-bpr,0.0384519100189209
train,cf-bpr,0.047367021441459656
train,cf-bpr,0.03935940936207771
train,cf-bpr,0.03103509731590748
train,cf-bpr,0.03650202602148056
train,cf-bpr,0.028866859152913094
train,cf-bpr,0.026605775579810143
train,cf-bpr,0.043101321905851364
train,cf-bpr,0.04905945435166359
train,cf-bpr,0.03323253244161606
train,cf-bpr,0.03427708521485329
train,cf-bpr,0.03186275064945221
train,cf-bpr,0.03763086348772049
train,cf-bpr,0.031656742095947266
train,cf-bpr,0.04316745698451996
train,cf-bpr,0.04247572645545006
train,cf-bpr,0.04643116891384125
train,cf-bpr,0.0277405995875597
train,cf-bpr,0.04970259964466095
train,cf-bpr,0.032188430428504944
train,cf-bpr,0.04005357623100281
train,cf-bpr,0.035441651940345764
train,cf-bpr,0.036216188222169876
train,cf-bpr,0.024264337494969368
train,cf-bpr,0.029264075681567192
train,cf-bpr,0.037714261561632156
train,cf-bpr,0.030201978981494904
train,cf-bpr,0.037507064640522
train,cf-bpr,0.036359839141368866
train,cf-bpr,0.03268733248114586
train,cf-bpr,0.042500659823417664
train,cf-bpr,0.04060046002268791
train,cf-bpr,0.034403592348098755
train,cf-bpr,0.034503836184740067
train,cf-bpr,0.026249758899211884
train,cf-bpr,0.030371224507689476
train,cf-bpr,0.03468119725584984
train,cf-bpr,0.047577936202287674
train,cf-bpr,0.04239457845687866
train,cf-bpr,0.03983413428068161
train,cf-bpr,0.03718532249331474
train,cf-bpr,0.0347617007791996
train,cf-bpr,0.03410178795456886
train,cf-bpr,0.0341331921517849
train,cf-bpr,0.03259029984474182
train,cf-bpr,0.03621482476592064
train,cf-bpr,0.027721650898456573
train,cf-bpr,0.03865516558289528
train,cf-bpr,0.03631022945046425
train,cf-bpr,0.033270712941884995
train,cf-bpr,0.040190357714891434
train,cf-bpr,0.03535020351409912
train,cf-bpr,0.03999931737780571
train,cf-bpr,0.06338319927453995
train,cf-bpr,0.029597215354442596
train,cf-bpr,0.0589943490922451
train,cf-bpr,0.11547190696001053
train,cf-bpr,0.035794712603092194
train,cf-bpr,0.041660208255052567
train,cf-bpr,0.054471492767333984
train,cf-bpr,0.038798362016677856
train,cf-bpr,0.04800350219011307
train,cf-bpr,0.03218214213848114
train,cf-bpr,0.0383843369781971
train,cf-bpr,0.033910784870386124
train,cf-bpr,0.03487825021147728
train,cf-bpr,0.04087419807910919
train,cf-bpr,0.03687884658575058
train,cf-bpr,0.03646369278430939
train,cf-bpr,0.035765405744314194
train,cf-bpr,0.032573290169239044
train,cf-bpr,0.04359210282564163
train,cf-bpr,0.03720368444919586
train,cf-bpr,0.04415174201130867
train,cf-bpr,0.025314396247267723
train,cf-bpr,0.044664327055215836
train,cf-bpr,0.0379277803003788
train,cf-bpr,0.03123275190591812
train,cf-bpr,0.058483872562646866
train,cf-bpr,0.03081769309937954
train,cf-bpr,0.02694113738834858
train,cf-bpr,0.03952910006046295
train,cf-bpr,0.03478052839636803
train,cf-bpr,0.044968463480472565
train,cf-bpr,0.03724448010325432
train,cf-bpr,0.04460129886865616
train,cf-bpr,0.02641221694648266
train,cf-bpr,0.03095099702477455
train,cf-bpr,0.030047528445720673
train,cf-bpr,0.03350592404603958
train,cf-bpr,0.035776134580373764
train,cf-bpr,0.03492387384176254
train,cf-bpr,0.03677487000823021
train,cf-bpr,0.042639557272195816
train,cf-bpr,0.04118409752845764
train,cf-bpr,0.029563864693045616
train,cf-bpr,0.05032549053430557
train,cf-bpr,0.0346088670194149
train,cf-bpr,0.03626261651515961
train,cf-bpr,0.04848916083574295
train,cf-bpr,0.03556177392601967
train,cf-bpr,0.032402534037828445
train,cf-bpr,0.04106350615620613
train,cf-bpr,0.024823881685733795
train,cf-bpr,0.04229388013482094
train,cf-bpr,0.038110215216875076
train,cf-bpr,0.03173495829105377
train,cf-bpr,0.03834543749690056
train,cf-bpr,0.03435974195599556
train,cf-bpr,0.059184443205595016
train,cf-bpr,0.036465998739004135
train,cf-bpr,0.032000526785850525
train,cf-bpr,0.05877402797341347
train,cf-bpr,0.03561749309301376
train,cf-bpr,0.03359505161643028
train,cf-bpr,0.04208573326468468
train,cf-bpr,0.046639811247587204
train,cf-bpr,0.06413726508617401
train,cf-bpr,0.04802313446998596
train,cf-bpr,0.036826279014348984
train,cf-bpr,0.03296656906604767
train,cf-bpr,0.04157440736889839
train,cf-bpr,0.04023962467908859
train,cf-bpr,0.0330071859061718
train,cf-bpr,0.04802990332245827
train,cf-bpr,0.045685701072216034
train,cf-bpr,0.02678005024790764
train,cf-bpr,0.04545274004340172
train,cf-bpr,0.03785185143351555
train,cf-bpr,0.04574131593108177
train,cf-bpr,0.04975386708974838
train,cf-bpr,0.03478866443037987
train,cf-bpr,0.02711578458547592
train,cf-bpr,0.03424031659960747
train,cf-bpr,0.03631109744310379
train,cf-bpr,0.0425662063062191
train,cf-bpr,0.0375509150326252
train,cf-bpr,0.0371188223361969
train,cf-bpr,0.04596739634871483
train,cf-bpr,0.03019094094634056
train,cf-bpr,0.052503637969493866
train,cf-bpr,0.033951129764318466
train,cf-bpr,0.0496189221739769
train,cf-bpr,0.03652607649564743
train,cf-bpr,0.041657574474811554
train,cf-bpr,0.03272632881999016
train,cf-bpr,0.06811539828777313
train,cf-bpr,0.061334412544965744
train,cf-bpr,0.051293883472681046
train,cf-bpr,0.05478237196803093
train,cf-bpr,0.03339436650276184
train,cf-bpr,0.04131656512618065
train,cf-bpr,0.0424794927239418
train,cf-bpr,0.030370598658919334
train,cf-bpr,0.05181097239255905
train,cf-bpr,0.04690228030085564
train,cf-bpr,0.03943776711821556
train,cf-bpr,0.04506944119930267
train,cf-bpr,0.03023141250014305
train,cf-bpr,0.04681248590350151
train,cf-bpr,0.039140962064266205
train,cf-bpr,0.12046099454164505
train,cf-bpr,0.04078280180692673
train,cf-bpr,0.04203503578901291
train,cf-bpr,0.027041519060730934
train,cf-bpr,0.07010351866483688
train,cf-bpr,0.03578471019864082
train,cf-bpr,0.03570309653878212
train,cf-bpr,0.056879084557294846
train,cf-bpr,0.04142095893621445
train,cf-bpr,0.033279113471508026
train,cf-bpr,0.04032350331544876
train,cf-bpr,0.03340405598282814
train,cf-bpr,0.03485547751188278
train,cf-bpr,0.038838066160678864
train,cf-bpr,0.042315587401390076
train,cf-bpr,0.03250507265329361
train,cf-bpr,0.02533181942999363
train,cf-bpr,0.0390031561255455
train,cf-bpr,0.043156467378139496
train,cf-bpr,0.04284762591123581
train,cf-bpr,0.024582551792263985
train,cf-bpr,0.04512549936771393
train,cf-bpr,0.04282692074775696
train,cf-bpr,0.0358148030936718
train,cf-bpr,0.04454801604151726
train,cf-bpr,0.05832703411579132
train,cf-bpr,0.03577224537730217
train,cf-bpr,0.0359172560274601
train,cf-bpr,0.04916388541460037
train,cf-bpr,0.0367705337703228
train,cf-bpr,0.03234044462442398
train,cf-bpr,0.030038144439458847
train,cf-bpr,0.03110741265118122
train,cf-bpr,0.03632732480764389
train,cf-bpr,0.037155941128730774
train,cf-bpr,0.029709791764616966
train,cf-bpr,0.0475323311984539
train,cf-bpr,0.04262078180909157
train,cf-bpr,0.028116649016737938
train,cf-bpr,0.04081124812364578
train,cf-bpr,0.042659319937229156
train,cf-bpr,0.04441196098923683
train,cf-bpr,0.052690133452415466
train,cf-bpr,0.034642454236745834
train,cf-bpr,0.03271336480975151
train,cf-bpr,0.0423266738653183
train,cf-bpr,0.04210224747657776
train,cf-bpr,0.04337168112397194
train,cf-bpr,0.03017057105898857
train,cf-bpr,0.04221649840474129
train,cf-bpr,0.027333855628967285
train,cf-bpr,0.04665611311793327
train,cf-bpr,0.030121248215436935
train,cf-bpr,0.0325951986014843
train,cf-bpr,0.05039411038160324
train,cf-bpr,0.05379873141646385
train,cf-bpr,0.03255688026547432
train,cf-bpr,0.06061805412173271
train,cf-bpr,0.031136998906731606
train,cf-bpr,0.033488836139440536
train,cf-bpr,0.04797084629535675
train,cf-bpr,0.04877905920147896
train,cf-bpr,0.039163921028375626
train,cf-bpr,0.04203313961625099
train,cf-bpr,0.06212470307946205
train,cf-bpr,0.03602513670921326
train,cf-bpr,0.0643133819103241
train,cf-bpr,0.031209466978907585
train,cf-bpr,0.04868891090154648
train,cf-bpr,0.04979203641414642
train,cf-bpr,0.05988309532403946
train,cf-bpr,0.0410245880484581
train,cf-bpr,0.036760181188583374
train,cf-bpr,0.035826340317726135
train,cf-bpr,0.04982048645615578
train,cf-bpr,0.07211269438266754
train,cf-bpr,0.04038359597325325
train,cf-bpr,0.052548158913850784
train,cf-bpr,0.05567697808146477
train,cf-bpr,0.03503144532442093
train,cf-bpr,0.04383324086666107
train,cf-bpr,0.04314941540360451
train,cf-bpr,0.03933277726173401
train,cf-bpr,0.03610091656446457
train,cf-bpr,0.05059041455388069
train,cf-bpr,0.04493393003940582
train,cf-bpr,0.03599286451935768
train,cf-bpr,0.04244156554341316
train,cf-bpr,0.08733729273080826
train,cf-bpr,0.0300176739692688
train,cf-bpr,0.044572751969099045
train,cf-bpr,0.05350126326084137
train,cf-bpr,0.027967160567641258
train,cf-bpr,0.04480445384979248
train,cf-bpr,0.040084004402160645
train,cf-bpr,0.036996643990278244
train,cf-bpr,0.029530081897974014
train,cf-bpr,0.05597729608416557
train,cf-bpr,0.033182885497808456
train,cf-bpr,0.03488099202513695
train,cf-bpr,0.051301345229148865
train,cf-bpr,0.03642180189490318
train,cf-bpr,0.052512384951114655
train,cf-bpr,0.025884727016091347
train,cf-bpr,0.043370723724365234
train,cf-bpr,0.04388996213674545
train,cf-bpr,0.0749698206782341
train,cf-bpr,0.04177996888756752
train,cf-bpr,0.038536544889211655
train,cf-bpr,0.03851675987243652
train,cf-bpr,0.03394407033920288
train,cf-bpr,0.04102957993745804
train,cf-bpr,0.039961088448762894
train,cf-bpr,0.03452707827091217
train,cf-bpr,0.06680776178836823
train,cf-bpr,0.03514154255390167
train,cf-bpr,0.04353095218539238
train,cf-bpr,0.04823818802833557
train,cf-bpr,0.03842965513467789
train,cf-bpr,0.04177619144320488
train,cf-bpr,0.03879103064537048
train,cf-bpr,0.037282299250364304
train,cf-bpr,0.03417268395423889
train,cf-bpr,0.02732192352414131
train,cf-bpr,0.033932220190763474
train,cf-bpr,0.03670787811279297
train,cf-bpr,0.04390520602464676
train,cf-bpr,0.03364365175366402
train,cf-bpr,0.03249230235815048
train,cf-bpr,0.04461544379591942
train,cf-bpr,0.0348905511200428
train,cf-bpr,0.04692540690302849
train,cf-bpr,0.03215703368186951
train,cf-bpr,0.03343250975012779
train,cf-bpr,0.027302442118525505
train,cf-bpr,0.03418000787496567
train,cf-bpr,0.02666771411895752
train,cf-bpr,0.0339643619954586
train,cf-bpr,0.03124813549220562
train,cf-bpr,0.028179584071040154
train,cf-bpr,0.043450016528367996
train,cf-bpr,0.03051983192563057
train,cf-bpr,0.05005761608481407
train,cf-bpr,0.03797288239002228
train,cf-bpr,0.027589669451117516
train,cf-bpr,0.0391589030623436
train,cf-bpr,0.04720597341656685
train,cf-bpr,0.031644705682992935
train,cf-bpr,0.0410379096865654
train,cf-bpr,0.030671650543808937
